a,overall abundance,overall relative abundance (%)
2-12-full-69-37,0.139838081708968,0.003085052041187342
2011-gwc2-44-17,0.1154051955263206,0.002546023441333198
4572-112,0.1008647410000959,0.002225237727114949
46-80,0.0602885685248464,0.001330062377249504
58-81,0.1038687501678601,0.002291510980448358
67-14,0.1116079818003361,0.002462250825082972
79-d21,0.2552432772352888,0.005631075482520544
ag41,0.0301442842624232,0.0006650311886247518
asp10-05a,0.2102470830585853,0.004638387375003415
auk324,0.1203404753876777,0.002654903619207764
awtp1-35,0.2749446863284268,0.006065720120048881
absconditicoccus,0.2069014235235642,0.004564576767395711
absicoccus,0.0825535223518858,0.001821262917271248
acetatifactor,0.2641446981443445,0.005827455083909118
acetivibrio,0.8252009972759919,0.0182052556065124
acetoanaerobium,0.0727747398943718,0.001605527314978973
acetobacter,0.047662298352413,0.001051506635551637
acetobacterium,1.851712777013428,0.04085174948485866
acetobacteroides,0.08160379634082071,0.001800310440426614
acetomicrobium,56.07609408229123,1.237128444527936
acholeplasma,0.2552432772352886,0.005631075482520541
acholeplasma_c,0.0213152278159743,0.0004702480631771105
achromobacter,2.822694794837914,0.06227316788131487
acidaminococcus,0.6502575076921042,0.01434572204428536
acidilutibacter,0.0602885685248464,0.001330062377249504
acidimangrovimonas,0.099873730252729,0.002203374442867631
acinetobacter,5.867035941036102,0.1294362092529487
actinomyces,0.0953245967048261,0.002103013271103276
advenella_a,0.3379104487860836,0.007454845683135418
aeoliella,0.0213152278159743,0.0004702480631771105
aequorivita,0.1127895838795092,0.002488318859352856
aeriscardovia,0.4046304399748969,0.008926795544643347
aerococcus,0.271386563527891,0.005987222232531848
aestuariivirga,0.6647718671585768,0.01466593205969275
afipia,1.411274207945004,0.03113496926364492
agathobaculum,0.0689775261683873,0.001521754698728747
aggregatilinea,0.0689775261683873,0.001521754698728747
agriterribacter,0.1650151908723073,0.003640499391911228
akkermansia,0.228854921962548,0.005048906102743327
albibacterium,0.0213152278159743,0.0004702480631771105
albidovulum,0.1852747403195342,0.004087457499544471
alcaligenes,0.0953245967048261,0.002103013271103276
aldehydirespirator,0.2952799931541347,0.006514349556781191
aliarcobacter,0.2414438177923395,0.005326637306585366
aliidiomarina,0.0213152278159743,0.0004702480631771105
alistipes,0.2748455488238233,0.006063532987922942
aliterella,0.0213152278159743,0.0004702480631771105
alkalicella,0.0213152278159743,0.0004702480631771105
alkaliflexus,0.087884935719366,0.00193888243472136
alkalihalobacterium,4.613155538489449,0.1017735994115748
alkaliphilus,0.1863304186882816,0.004110747455088337
alkaliphilus_b,0.2711719029133572,0.005982486475583978
alsobacter,0.1234581337543508,0.002723684155884797
altimarinus,0.08160379634082071,0.001800310440426614
amaricoccus,0.1086062238400705,0.00239602723699242
aminiphilus,0.3325506193675071,0.007336599262088189
aminipila,0.4141740455175911,0.009137342767545416
aminithiophilus,17.17613356673546,0.3789330150426782
aminivibrio,13.51983578695665,0.2982692302506993
aminobacterium,0.2395710097875979,0.00528532016259161
amphibacillus_b,0.3602890518120319,0.007948553506500785
amphritea,0.0951533429203203,0.002099235138344345
anaerobacterium,2.335888225963263,0.05153343532337153
anaerobranca,0.036919057552173,0.0008144935375836172
anaerocaecibacter,0.0582342853681473,0.001284741600760728
anaerococcus,0.0522114319003159,0.001151867807315992
anaerocolumna,0.4072560749257266,0.008984721256763228
anaeromyxobacter_a,0.0213152278159743,0.0004702480631771105
anaerosphaera,0.036919057552173,0.0008144935375836172
anaerosporobacter,2.942880499692938,0.06492465701469845
anaerotignum,0.7398352353385487,0.01632195018002118
andreesenia,0.0213152278159743,0.0004702480631771105
anoxybacillus_a,5.866871448468396,0.1294325802834609
aphodoplasma,0.0301442842624232,0.0006650311886247518
aphodosoma,0.6157907228351966,0.01358532956981431
aphodousia,0.0213152278159743,0.0004702480631771105
apilactobacillus,0.0213152278159743,0.0004702480631771105
aquamicrobium_a,0.0426304556319487,0.0009404961263542232
aquincolibacterium,0.0301442842624232,0.0006650311886247518
aquisediminimonas,0.1092001635353403,0.002409130497898471
arachnia,0.6606267680295483,0.014574484534293
arctic95d-9,0.036919057552173,0.0008144935375836172
arenimonas,0.0426304556319486,0.000940496126354221
aristaeella,0.1694887320601867,0.003739192875147975
arthrobacter,0.1086062238400705,0.00239602723699242
arthrobacter_c,0.036919057552173,0.0008144935375836172
arthrobacter_d,0.1313503521917785,0.002897799134453766
asp313,0.0522114319003159,0.001151867807315992
atopostipes,3.136510438335383,0.06919644357057442
atribacter,0.6862785952364191,0.01514040492534529
aureimonas_a,0.0990252475717033,0.002184655556030651
azohydromonas,0.0301442842624232,0.0006650311886247518
azonexus,0.7524333064586131,0.01659988380546139
azospirillum,0.0639456834479231,0.001410744189531336
b1sed10-75,0.5822485144845151,0.01284533473383276
bica1-8,0.0891304894524889,0.001966361344899609
bm520,1.534126944662106,0.03384529739131001
bog-932,0.0426304556319486,0.000940496126354221
bp-133,0.047662298352413,0.001051506635551637
brh-c8a,0.0213152278159743,0.0004702480631771105
bacillus,2.702170291726585,0.05961420431579244
bacillus_bu,1.279961626370428,0.02823800340949844
bact-08,4.023508133105894,0.08876503329476211
bact-11,35.64382908736511,0.7863599552986175
bact-19,4.526478448421209,0.0998613639863511
bacteroides,0.5980302426278872,0.01319350493201599
bacteroides_e,0.3810281136101261,0.008406090424560623
bacteroides_g,0.0991218104308105,0.002186785887353499
bacteroides_h,0.0213152278159743,0.0004702480631771105
bacteroides_i,0.036919057552173,0.0008144935375836172
baekduia,1.943954389219438,0.04288674718034203
bariatricus,0.0213152278159743,0.0004702480631771105
bifidobacterium,2.220954388067749,0.04899781078628012
bilifractor,0.0301442842624232,0.0006650311886247518
bin107,0.6429191547047437,0.01418382622459208
bin65,2.814871294617456,0.06210056893666842
bin94,0.4096941779330883,0.009038509713867068
biomaibacter,4.083640574846759,0.090091651265111
bipolaricaulis,0.0514595120783975,0.001135279251801862
blautia,0.0213152278159743,0.0004702480631771105
bosea,0.0213152278159743,0.0004702480631771105
bovifimicola,0.0213152278159743,0.0004702480631771105
brachybacterium,8.403487051516422,0.1853943830216996
brachymonas,0.1125000004251623,0.002481930184565496
brevefilum,0.251556002943134,0.005549728306254895
brevibacillus,1.317625327286555,0.02906892497227981
brevundimonas,0.0426304556319486,0.000940496126354221
breznakiella,0.0777100197557289,0.001714407492853539
brooklawnia,0.3870042223197265,0.00853793295377438
brucepastera,0.087884935719366,0.00193888243472136
bu05,3.217935963172586,0.0709928210561192
bulleidia,0.0426304556319486,0.000940496126354221
bullifex,0.2914969038907592,0.006430888548797254
burkholderia,0.2681507406260575,0.005915834796961913
butyribacter,0.036919057552173,0.0008144935375836172
butyricicoccus,0.036919057552173,0.0008144935375836172
cabmkh01,0.6942559473908598,0.01531639809005809
cadcwi01,0.0933138494919276,0.002058652967260045
caddzs01,1.277866857444033,0.0281917894520899
cadeen01,0.036919057552173,0.0008144935375836172
cag-1000,0.0213152278159743,0.0004702480631771105
cag-115,0.7040500395563575,0.01553247144902785
cag-177,3.484755545085329,0.07687928835993857
cag-1782,0.8500000412943689,0.01875236223464546
cag-238,0.0213152278159743,0.0004702480631771105
cag-266,0.1224466615140947,0.002701369458334092
cag-269,0.215493818307998,0.004754138757552109
cag-273,0.985611107132832,0.02174415953592174
cag-313,2.984303167389336,0.06583850740485293
cag-390,0.1496278867330637,0.00330103081895168
cag-411,0.127822929184354,0.002819978533540244
cag-448,0.0213152278159743,0.0004702480631771105
cag-465,0.2282166513395386,0.005034824830572824
cag-488,0.1029190241567951,0.002270558503603727
cag-492,1.057757509339858,0.0233358247151991
cag-552,0.1627044537890415,0.003589520831076756
cag-762,0.08526091126389732,0.001880992252708444
cag-791,80.8534386197806,1.783756347359654
cag-873,0.2225799441851615,0.004910470043238301
caijmu01,0.0213152278159743,0.0004702480631771105
caikod01,0.1096937974465449,0.002420020852562592
cailad01,0.0670633418145962,0.001479524726208369
caimtb01,0.1270894049262882,0.002803795813626251
caindr01,0.0778065826148362,0.001716537824176388
cainnr01,0.0522114319003159,0.001151867807315992
cainvv01,0.0426304556319487,0.0009404961263542232
caiomd01,0.036919057552173,0.0008144935375836172
caiqiq01,0.0514595120783975,0.001135279251801862
cairdp01,0.0602885685248464,0.001330062377249504
caistg01,0.1903066858406406,0.00419847027668869
caitkp01,0.0904328527872696,0.001995093565874256
caivat01,0.3547395436519034,0.007826122468633564
caiwhr01,0.047662298352413,0.001051506635551637
caiwko01,0.0602885685248464,0.001330062377249504
caiwxq01,0.0845813559045861,0.001866000173135256
caixse01,0.248259967431139,0.005477012484070858
cajatl01,0.0213152278159743,0.0004702480631771105
cajbez01,0.0213152278159743,0.0004702480631771105
cajblf01,0.0727747398943718,0.001605527314978973
cajbvg01,0.1146290773079019,0.002528901030437156
cajlir01,0.0670633418145962,0.001479524726208369
cajoig01,0.2852474626948041,0.0062930158671769
cajojo01,0.036919057552173,0.0008144935375836172
cajolv01,0.1455494797887437,0.003211054629957948
cakkpp01,0.0795495131841217,0.00175498966393784
cakpsh01,0.0940899677103463,0.002075775378156088
cakxik01,0.036919057552173,0.0008144935375836172
calarr01,0.0213152278159743,0.0004702480631771105
calbkh01,0.0845813559045861,0.001866000173135256
calboc01,0.3090443294619407,0.006818012860103398
calcjh01,0.0825535223518858,0.001821262917271248
calcth01,0.0213152278159743,0.0004702480631771105
caldpk01,0.0426304556319487,0.0009404961263542232
caldzk01,0.0213152278159743,0.0004702480631771105
calekx01,0.06394568344792301,0.001410744189531334
calfyt01,0.2329370386719472,0.005138964135096107
calgfd01,0.0213152278159743,0.0004702480631771105
calgkj01,0.0887198965598297,0.001957303008099541
calhvr01,0.0514595120783975,0.001135279251801862
caljes01,0.4971117111581375,0.01096708050099197
calkxv01,0.06394568344792301,0.001410744189531334
callxs01,0.2678018130674212,0.005908136896190951
caluth01,0.0301442842624232,0.0006650311886247518
calvld01,47.77422863441376,1.053975996835323
calvvn01,0.1256389541120027,0.002771796545683158
calvvx01,0.0514595120783975,0.001135279251801862
calzbj01,0.0998737302527289,0.002203374442867629
calzjg01,0.0301442842624232,0.0006650311886247518
camdpa01,2.718157944665772,0.05996691754477167
camuxe01,0.0514595120783975,0.001135279251801862
canrin01,3.859532894973204,0.08514747692583065
casear01,0.0639456834479231,0.001410744189531336
caseyk01,0.5650582281060057,0.01246608948509582
casgdd01,0.0514595120783975,0.001135279251801862
cf-154,0.0563947919397546,0.001244159429676428
chh4-2,0.4987984221315894,0.01100429204643043
caccocola,0.3166250925113127,0.006985256633998236
caccovivens,0.0301442842624232,0.0006650311886247518
caldalkalibacillus,30.62289023198081,0.6755900028280323
caldatribacterium,12.79842384721022,0.2823537274774021
caldibacillus_b,0.5972002311391724,0.01317519354926406
caldicellulosiruptor,3.870689630651205,0.08539361238303778
caldicoprobacter,9.751548173901291,0.2151347703785152
caldimonas,0.213949411177152,0.004720066662789276
caldisalinibacter,0.1146290773079019,0.002528901030437156
caloramator,0.166864707604718,0.003681302693135059
caloramator_b,0.736001238422809,0.01623736606769458
caloranaerobacter,5.98455847875674,0.1320289446541332
caproicibacterium,0.0426304556319487,0.0009404961263542232
caproiciproducens,0.0213152278159743,0.0004702480631771105
carboxydothermus,2.781432343875772,0.06136285212891434
carboxylicivirga,0.1180292199817892,0.002603913623346112
carnobacterium_a,0.0213152278159743,0.0004702480631771105
catenibacterium,0.0426304556319487,0.0009404961263542232
cellulomonas,0.0852609112638973,0.001880992252708444
cellulosilyticum,0.0727747398943718,0.001605527314978973
cellulosimicrobium,0.3922073188246962,0.008652721595730715
centipeda,3.446630975713418,0.0760381993009154
ch115,0.6048636763718367,0.01334426142454258
ch66,0.102919024156795,0.002270558503603725
ch71,0.1065761390798715,0.002351240315885553
changpingibacter,0.186888271214496,0.004123054575249361
chelatococcus_a,0.7318982731512877,0.01614684808267122
chiayiivirga,0.0522114319003159,0.001151867807315992
chitinispirillum,1.407379223826141,0.0310490396759429
christensenella,0.0213152278159743,0.0004702480631771105
citrobacter,0.0563947919397546,0.001244159429676428
cloacibacillus,0.0301442842624232,0.0006650311886247518
cloacibacterium,0.0582342853681473,0.001284741600760728
cloacimonas,7.111331001620436,0.1568873510991605
clostridioides,2.617287642373028,0.05774155712663419
clostridium,2.274619828924113,0.05018175635984506
clostridium_ab,0.0852609112638975,0.001880992252708449
clostridium_ad,0.0213152278159743,0.0004702480631771105
clostridium_ak,0.2217832049790481,0.004892892700328022
clostridium_an,0.0213152278159743,0.0004702480631771105
clostridium_at,0.8908175124120612,0.01965286101901677
clostridium_au,1.798953226197817,0.03968778929642746
clostridium_e,0.0213152278159743,0.0004702480631771105
clostridium_g,0.0213152278159743,0.0004702480631771105
clostridium_h,2.186084505789218,0.04822852533710448
clostridium_j,0.5464336508785859,0.01205520148313306
clostridium_n,0.0213152278159743,0.0004702480631771105
collinsella,17.55015184503243,0.3871844572735784
comamonas,2.131748603889763,0.04702978831914724
comamonas_c,0.1278913668958462,0.002821488379062672
companilactobacillus,0.0852609112638975,0.001880992252708449
conexibacter,0.036919057552173,0.0008144935375836172
contubernalis,0.0213152278159743,0.0004702480631771105
coprenecus,0.3873903686331804,0.008546451959884583
coproplasma,0.0213152278159743,0.0004702480631771105
coprosoma,0.0213152278159743,0.0004702480631771105
coprothermobacter,2.192904591685412,0.04837898735473223
corynebacterium,12.92476175186047,0.2851409439913684
cryptobacteroides,59.56456298186909,1.31408965543513
cupidesulfovibrio,0.1100351243758041,0.002427551071276653
curtobacterium,0.0213152278159743,0.0004702480631771105
cutibacterium,0.0301442842624232,0.0006650311886247518
cypionkella,0.0213152278159743,0.0004702480631771105
daidjw01,0.0514595120783975,0.001135279251801862
daourc01,2.046532786022599,0.04514979089899039
dmer64,183.7292772103625,4.053362108208563
drkv01,0.770285007710375,0.01699372092559605
drpn01,0.4132660759745789,0.009117311505261402
dsm-111022,0.3091514855416026,0.00682037689483733
dtu008,1.984190844709308,0.04377442782943381
dtu010,12.57116181797698,0.2773399631393761
dtu015,15.69527967267986,0.3462630064675858
dtu018,3.113641846057919,0.0686919257995748
dtu024,0.0426304556319487,0.0009404961263542232
dtu029,20.90246558493683,0.4611418672980981
dtu052,5.455150698955245,0.1203493611548673
dtu053,1.527221498028448,0.0336929521791037
dtu059,1.236667174687146,0.02728285846682414
dtu063,2.778311290914584,0.06129399670204567
dtu064,1.124239324439569,0.0248025200307288
dtu073,0.5808699634179502,0.01281492168947595
dtu089,1.25970380286559,0.02779108337891849
dtu098,4.363354518808782,0.09626258884679595
dulv01,2.609567355087622,0.05757123522463639
dump01,1.373701139490314,0.0303060471981159
duou01,0.4331956197833675,0.009556989159987787
duph01,0.3249003587629875,0.007167822260822485
dupi01,0.1863381155295083,0.004110917259732731
duqw01,0.0795495131841217,0.00175498966393784
duss01,0.6031208486031935,0.01330581185272794
duua01,1.869556320275413,0.04124540662667336
duus01,0.0674046687438554,0.00148705494492243
defluviitoga,33.16944050909748,0.7317709803871743
dehalobacterium,0.1892433106306664,0.004175010516500429
deinococcus,0.1371417153635383,0.003025565881222211
delta-02,0.0514595120783975,0.001135279251801862
dermatophilus,0.0213152278159743,0.0004702480631771105
desulfamplus,0.2649924713445803,0.005846158318463599
desulfobulbus,0.3141602164619545,0.006930877520709394
desulfofundulus,0.0213152278159743,0.0004702480631771105
desulfogranum,0.2054032570244307,0.004531524815025473
desulfolucanica,0.6005516434585747,0.01324913107250863
desulfomicrobium,0.139838081708968,0.003085052041187342
desulfopila,0.0213152278159743,0.0004702480631771105
desulfoprunum,0.0514595120783975,0.001135279251801862
desulforapulum,0.0706946129865336,0.001559636383949822
desulfosporosinus,38.59797634629887,0.8515331750665279
desulfovibrio,1.092060558399258,0.02409260491574489
dethiobacter,11.5640772005833,0.2551220635760449
dethiosulfovibrio,1.387035248928961,0.0306002190076715
devosia,0.1310090252625192,0.002890268915739703
dietzia,0.1065761390798717,0.002351240315885557
dokdonella,0.0999772804722729,0.00220565892655237
domibacillus,2.310211873578251,0.05096697386761095
draconibacterium,0.0582342853681473,0.001284741600760728
duganella,0.0213152278159743,0.0004702480631771105
duodenibacillus,0.0426304556319487,0.0009404961263542232
dysgonomonas,2.25002249569918,0.04963909979486673
dysosmobacter,0.0768531468386919,0.001695503503972707
dysosmobacter_a,0.0426304556319487,0.0009404961263542232
e44-bin32,0.298165017648857,0.006577997817666536
egerieisoma,0.0639456834479231,0.001410744189531336
endomicrobium,1.186391358331403,0.02617369343842045
endomicrobium_a,0.4527404616066634,0.009988179672791968
enterenecus,0.06394568344792301,0.001410744189531334
enterocloster,0.1555972233715583,0.003432723945430982
enterococcus,0.0727747398943719,0.001605527314978975
enterococcus_a,0.0213152278159743,0.0004702480631771105
enterococcus_b,0.0213152278159743,0.0004702480631771105
enterococcus_e,0.1611533095249423,0.003555300104364452
enterococcus_i,0.1536673684838804,0.003390148255835805
enterocola,0.5987272765057385,0.01320888261570102
enteromonas,0.0213152278159743,0.0004702480631771105
enterousia,12.59563114222538,0.2778797956213184
enterovirga,0.06394568344792301,0.001410744189531334
entomohabitans,0.1535588820729735,0.003387754871864005
eoetvoesia,0.7446847745416455,0.01642893878165596
erysipelothrix,0.3333022913293878,0.007353182349412926
estrella,0.036919057552173,0.0008144935375836172
eubacterium,0.3608312273011705,0.007960514766116245
eubacterium_b,0.199328660081687,0.004397509477654036
eubacterium_g,0.0999772804722729,0.00220565892655237
eubacterium_o,0.0948418875322645,0.002092363933670213
eubacterium_t,0.0213152278159743,0.0004702480631771105
evansella,0.0213152278159743,0.0004702480631771105
evtepia,0.0213152278159743,0.0004702480631771105
exiguobacterium,0.0563947919397546,0.001244159429676428
f0058,0.1526655800077529,0.003368047197630879
fb2012,0.1186781658193853,0.002618230407847365
fen-1160,0.036919057552173,0.0008144935375836172
fuhm01,0.0865390762021778,0.00190919061830118
facklamia,0.2355475412868539,0.005196556003650225
faecalibacterium,0.0213152278159743,0.0004702480631771105
faecalimonas,1.051915913041805,0.02320694974521342
faeciplasma,0.2119332662440287,0.004675587276593129
faecousia,6.688006007131269,0.1475481237415338
falsochrobactrum,0.0670633418145962,0.001479524726208369
faunimonas,0.0689775261683873,0.001521754698728747
fen-1087,0.1323685257488652,0.002920261673786297
ferdinandcohnia,0.3729464769660631,0.008227796576989186
fermentibacter,1.045317857109993,0.02306138606419362
ferruginibacter,0.2012316881712711,0.004439493325118613
fibrobacter,1.422698508938126,0.03138700764022476
fimenecus,0.6232448408064533,0.01374977935045658
fimimonas,0.7779897957041391,0.01716370088839722
fimisoma,0.1594066691905777,0.003516766421243955
fimivivens,0.0639456834479229,0.001410744189531331
firm-04,0.111607981800336,0.002462250825082971
firm-07,3.179996959015649,0.07015582586293166
firm-13,0.1291695318341265,0.002849686744655403
firm-16,4.236876105526488,0.09347227248737429
flaviflexus,0.0301442842624232,0.0006650311886247518
flavipsychrobacter,0.047662298352413,0.001051506635551637
flavobacterium,0.2902793054152681,0.006404026376374307
flexilinea,1.119783914365169,0.02470422654889343
fonticella,0.1778952053965136,0.0039246531403953
fontisphaera,0.0522114319003159,0.001151867807315992
formimonas,0.1962328736487226,0.00432921147086377
fredericiella,0.0904328527872696,0.001995093565874256
fructobacillus,0.0301442842624232,0.0006650311886247518
fundicoccus,4.08258303854949,0.0900683203206884
fundidesulfovibrio,0.0213152278159743,0.0004702480631771105
fusobacterium,0.0426304556319486,0.000940496126354221
fusobacterium_b,0.073838115104346,0.001628987075167234
gca-002840305,0.1671519645962736,0.00368764004242728
gca-002841655,0.1688947923649169,0.003726089614241924
gca-013693735,0.4713150841345612,0.01039796559407796
gca-016699895,0.0213152278159743,0.0004702480631771105
gca-2699445,0.2838468911462772,0.00626211701572094
gca-2723275,0.0972076260770194,0.002144555914833121
gca-2729495,2.040524720950013,0.04501724336122922
gca-2746885,0.9073178005692173,0.02001688380191904
gwa2-32-17,0.6672450110763314,0.01472049357539988
gwc2-37-14,0.0213152278159743,0.0004702480631771105
gwc2-73-18,0.3155349442593422,0.006961206217624978
gwe2-31-10,0.0301442842624232,0.0006650311886247518
gwe2-42-24,0.3561803826979919,0.007857909685576434
gwf2-33-38,0.9006252166406721,0.01986923468189932
gwf2-43-63,0.1104457172684632,0.002436609408076719
ga0077530,7.127014544483371,0.1572333551728079
ga0077548,0.426382075879748,0.009406671469193599
gaiella,0.1877451441315331,0.004141958564130194
galactobacter,0.0602885685248464,0.001330062377249504
gallionella,0.0797542796084099,0.001759507139202781
galliscardovia,3.755851224156491,0.08286009321548687
gaoshiqia,0.0639456834479229,0.001410744189531331
garciella,2.878419786839814,0.06350255045163931
gemmatimonas,0.0213152278159743,0.0004702480631771105
gemmiger,1.768865823555551,0.03902401300744255
gemmobacter_b,0.0602885685248464,0.001330062377249504
geobacillus,0.3153917469572269,0.006958047055801644
geofilum,33.47498103762342,0.7385116937870919
geosporobacter,0.0522114319003159,0.001151867807315992
gleimia,10.94175989885381,0.2413927472231331
globicatella,0.1704384580712518,0.003760145351992608
glycomyces,0.0582342853681473,0.001284741600760728
gordonia,0.341738817493666,0.007539305628176177
gottfriedia,4.628444733172695,0.1021109035328071
gottschalkia_a,30.22178066364295,0.6667408833505795
gracilibacter,1.0932905655864,0.02411974084422012
granulicoccus,0.0522114319003159,0.001151867807315992
h1,0.0778065826148362,0.001716537824176388
hgm04593,0.0426304556319487,0.0009404961263542232
hgm10857,0.0522114319003159,0.001151867807315992
hgm11604,0.4601500966839502,0.01015164808955137
hgm11616,5.651041629642336,0.1246710288163563
hgm12789,2.949074558465301,0.06506130787135622
hgm13010,0.1147256401670092,0.002531031361760006
hgm13233,0.4361089828098278,0.009621262614269053
hgm16780,0.5112665229508587,0.01127935831888023
hgw-1,0.1261025883542486,0.002782025059603864
hk-stas-pate-36,0.1211889580687033,0.002673622506044741
hun007,0.1205771370496928,0.002660124754499007
haliovirga,1.665487098639755,0.0367433127688582
haloimpatiens,0.0426304556319487,0.0009404961263542232
halopseudomonas,1.641561147716216,0.03621546797270579
halorubrum,0.5543878152241359,0.01223068308764512
halothermothrix,0.0301442842624232,0.0006650311886247518
haploplasma,0.1530761729004121,0.003377105534430947
hazenella,0.1672859996259615,0.003690597069846963
heliomicrobium,12.75579862528624,0.2814133468150277
heliorestis,0.1683732579084644,0.003714583728865315
herbivorax,22.51165437839985,0.4966431492898012
hoeflea,0.0213152278159743,0.0004702480631771105
holophaga,0.4428160217592769,0.009769230635200464
holtiella,6.846965721854953,0.1510550296314149
hominibacterium,0.0301442842624232,0.0006650311886247518
hominimerdicola,0.2780598267437673,0.006134445106686873
hominiventricola,0.1718965503251825,0.003792313202332477
humidesulfovibrio,0.1960180839204163,0.004324472865459296
humimicrobium,0.0865390762021778,0.00190919061830118
hungateiclostridium,3.673202362489273,0.08103672696022803
hydrogenispora,9.278665183132086,0.2047022142529848
hydrogenophaga,0.036919057552173,0.0008144935375836172
hymenobacter,0.1852381917361704,0.004086651179260818
hyphomicrobium_b,0.143699963056333,0.003170251328734117
hyphomicrobium_c,0.1400428481332563,0.003089569516452284
ior16,0.0213152278159743,0.0004702480631771105
iamia,0.0301442842624232,0.0006650311886247518
ignatzschineria,0.0582342853681473,0.001284741600760728
ignavigranum,0.9867112832136715,0.02176843118225999
inordinaticella,0.6492725963280801,0.0143239933222031
insulibacter,0.2464142207888396,0.005436292357072897
intestinibacter,0.2466266840543547,0.005440979636982234
iocasia,27.64670698850536,0.6099306339492425
irregularibacter,0.3888925629223782,0.008579592771754376
isobaculum,1.721986871020069,0.03798978823518554
jaaeka01,0.036919057552173,0.0008144935375836172
jaaepj01,0.0213152278159743,0.0004702480631771105
jaaeth01,0.0778065826148362,0.001716537824176388
jaafhb01,0.0426304556319487,0.0009404961263542232
jaallb01,0.2162699365264166,0.004771261168448148
jaauql01,0.1729863751391555,0.003816356483145505
jaavlz01,1.310181012014192,0.02890469145487472
jaaxkn01,0.0514595120783975,0.001135279251801862
jaaybj01,0.1948557165879014,0.00429882918050624
jaaycb01,0.1542384374322846,0.003402746951437191
jaayde01,0.0213152278159743,0.0004702480631771105
jaaydf01,0.036919057552173,0.0008144935375836172
jaaydh01,0.3895251675825679,0.008593549043710715
jaayfb01,0.3275442656157331,0.007226151080362126
jaaygu01,35.94572360650368,0.7930202318921571
jaayhf01,0.0426304556319487,0.0009404961263542232
jaayjk01,22.75045855563699,0.5019115518982036
jaaylu01,0.5937291404648449,0.01309861572983811
jaayob01,2.769926870654098,0.06110902296297066
jaaypc01,3.422640147192186,0.07550892320105271
jaaysa01,1.030493822990256,0.02273434412997354
jaaytv01,0.073838115104346,0.001628987075167234
jaayyf01,0.1330633084192182,0.002935589692228477
jaayyz01,0.0426304556319487,0.0009404961263542232
jaayzc01,0.3202523358931858,0.007065279432240135
jaayzz01,0.8166710163503571,0.01801707056604047
jaazbk01,0.0689775261683874,0.001521754698728749
jaazeb01,0.0426304556319486,0.000940496126354221
jaazff01,0.7267177646378982,0.0160325577679851
jaazgc01,0.047662298352413,0.001051506635551637
jaaziy01,0.399498806497909,0.008813583491536419
jaazjx01,0.0213152278159743,0.0004702480631771105
jaazko01,0.047662298352413,0.001051506635551637
jaazkv01,0.0426304556319487,0.0009404961263542232
jaazpg01,4.523004314418634,0.09978471902622997
jabddc01,0.0301442842624232,0.0006650311886247518
jabdgm01,0.9464178164911072,0.02087949277406821
jabdlz01,0.0727747398943719,0.001605527314978975
jabhkc01,0.073838115104346,0.001628987075167234
jablxh01,0.0426304556319486,0.000940496126354221
jabmpj01,0.0213152278159743,0.0004702480631771105
jabwbd01,0.0213152278159743,0.0004702480631771105
jabzip01,0.5264941829514984,0.01161530488646296
jacadu01,0.0902927539843617,0.00199200276190586
jacadw01,2.276825224307191,0.05023041091406262
jacces01,0.0920098408025079,0.002029884447126933
jaccxm01,0.4582565973184646,0.0101098744610012
jaccze01,0.1554200395114578,0.003428814985707077
jacdbr01,0.0213152278159743,0.0004702480631771105
jacdhd01,0.0602885685248464,0.001330062377249504
jacdhn01,0.0852609112638975,0.001880992252708449
jaciwr01,0.1942751533511308,0.004286021025697845
jaciyf01,0.0426304556319487,0.0009404961263542232
jaciyh01,35.59687332072696,0.7853240358842335
jackgs01,0.0213152278159743,0.0004702480631771105
jacpdt01,0.036919057552173,0.0008144935375836172
jacpzp01,0.0563947919397546,0.001244159429676428
jacqfh01,0.0213152278159743,0.0004702480631771105
jacqvt01,0.0727747398943718,0.001605527314978973
jacrcq01,0.0426304556319486,0.000940496126354221
jacrdc01,2.42474538289398,0.05349376651508318
jacrne01,0.0213152278159743,0.0004702480631771105
jacrtk01,0.1044228638006318,0.002303735614631984
jadfnb01,0.1418923648656671,0.003130372817676118
jadfrg01,0.0951533429203203,0.002099235138344345
jadgnf01,1.660504350438548,0.03663338536338329
jadgqx01,3.563810979195732,0.07862337784821428
jadiyw01,0.0213152278159743,0.0004702480631771105
jadjyj01,0.0426304556319487,0.0009404961263542232
jadkav01,0.2635681626976383,0.00581473578860028
jadkcl01,0.06394568344792301,0.001410744189531334
jadlgh01,0.0213152278159743,0.0004702480631771105
jadlgl01,0.0825535223518858,0.001821262917271248
jadmjv01,0.0602885685248464,0.001330062377249504
jadzem01,0.2035446742314424,0.004490521501985485
jaedji01,0.0426304556319487,0.0009404961263542232
jaeknw01,1.695633152190613,0.03740838299081944
jaermq01,0.06394568344792301,0.001410744189531334
jaeujm01,0.3934490143813047,0.008680115388355964
jaeumg01,0.2551496991438487,0.005629010999952709
jaevlt01,0.8837703661940216,0.01949738968703901
jaewah01,1.356715823426977,0.02993132392280334
jaewry01,0.3313883992169252,0.007310958824204294
jaewvq01,0.231194210903304,0.005100514563281465
jaexna01,0.0301442842624232,0.0006650311886247518
jaeyra01,0.0213152278159743,0.0004702480631771105
jaezlb01,0.0213152278159743,0.0004702480631771105
jaezou01,0.4980727475636586,0.01098828250325254
jaezwm01,0.3941651419229303,0.00869591430884345
jafafn01,0.0426304556319487,0.0009404961263542232
jafafz01,2.17287605681569,0.04793712579866181
jafazj01,0.0213152278159743,0.0004702480631771105
jafbad01,0.0213152278159743,0.0004702480631771105
jafcgc01,0.100864741000096,0.002225237727114951
jafgfn01,0.0213152278159743,0.0004702480631771105
jafgol01,0.0213152278159743,0.0004702480631771105
jafkkf01,0.08160379634082071,0.001800310440426614
jafmjv01,0.12379946068361,0.002731214374598858
jafnag01,1.94647259180399,0.04294230276240273
jafuxm01,0.3672659825189904,0.008102475771849943
jagngi01,0.0301442842624232,0.0006650311886247518
jagoaj01,0.111607981800336,0.002462250825082971
jagocv01,0.637562349180512,0.01406564651549704
jagonc01,0.2495452197093271,0.005505367207732735
jagoov01,0.1008388972489568,0.002224667572574574
jagopy01,0.280864506113847,0.006196320825445288
jagrnp01,0.0213152278159743,0.0004702480631771105
jaguvt01,1.542828312792977,0.03403726350801587
jaguwj01,0.0602885685248464,0.001330062377249504
jagvvh01,1.086074938952676,0.02396055256444135
jahbxr01,0.2030823378638709,0.004480321621258717
jahbxu01,0.215182362919942,0.004747267552877973
jahfoq01,0.1292660946932337,0.002851817075978251
jahftw01,0.0563947919397546,0.001244159429676428
jahhtg01,0.0213152278159743,0.0004702480631771105
jahivh01,0.0522114319003159,0.001151867807315992
jahjqk01,0.492480460178906,0.01086490768717674
jahwkr01,0.0522114319003159,0.001151867807315992
jaibby01,0.1278913668958462,0.002821488379062672
jaiept01,0.0301442842624232,0.0006650311886247518
jailzp01,2.215587205037727,0.04887940213278719
jaimbi01,0.0689775261683873,0.001521754698728747
jaioup01,2.584025794019523,0.05700774748120293
jairni01,0.0727747398943718,0.001605527314978973
jairnn01,0.0301442842624232,0.0006650311886247518
jairyt01,0.0213152278159743,0.0004702480631771105
jaisft01,0.2495630341371109,0.005505760222540472
jaiszg01,0.0514595120783975,0.001135279251801862
jaitla01,0.1824272526046147,0.004024637360138875
jaitqc01,0.0213152278159743,0.0004702480631771105
jaizzn01,0.0904328527872696,0.001995093565874256
jajdgj01,0.0213152278159743,0.0004702480631771105
jajdvc01,0.0213152278159743,0.0004702480631771105
jajgre01,0.1340130344302834,0.002956542169073112
jajmzj01,0.0213152278159743,0.0004702480631771105
jajpjw01,0.0426304556319486,0.000940496126354221
jajujl01,0.3716641322867353,0.008199505999614852
jajyrx01,0.8566076336672417,0.01889813630482822
jakawj01,0.0213152278159743,0.0004702480631771105
jakbat01,0.0213152278159743,0.0004702480631771105
jakiu001,0.1029190241567951,0.002270558503603727
jakjbl01,0.0904328527872696,0.001995093565874256
jakjei01,0.0727747398943718,0.001605527314978973
jakjgy01,0.0823557161627391,0.001816898995940743
jakosx01,96.67357301528808,2.132773848974798
jakpgm01,0.0602885685248464,0.001330062377249504
jakpkf01,0.0213152278159743,0.0004702480631771105
jakqdp01,0.0602885685248464,0.001330062377249504
jakqqt01,0.291360066335534,0.006427869693175814
jakqtp01,0.0213152278159743,0.0004702480631771105
jaksbq01,0.0778065826148362,0.001716537824176388
jakscf01,5.809076712607451,0.1281575358487927
jakvon01,0.036919057552173,0.0008144935375836172
jalcry01,0.0301442842624232,0.0006650311886247518
jalhet01,0.0891304894524889,0.001966361344899609
jalhfc01,1.643042304712598,0.03624814466820366
jalhlm01,0.1039823993667692,0.002294018263791987
jalhqu01,0.2205256610284625,0.004865149266749526
jalnwk01,0.1988152094425354,0.00438618193423378
jalnzu01,0.2753659451499326,0.0060750137643214
jaloaf01,0.9764246580192099,0.02154149175585145
jaloap01,0.1185228538929937,0.002614803978010231
jalrhz01,0.0301442842624232,0.0006650311886247518
jalznd01,0.0213152278159743,0.0004702480631771105
jamdda01,0.0426304556319486,0.000940496126354221
jamlhn01,0.8961830566636467,0.01977123351843281
jamlia01,0.0639456834479231,0.001410744189531336
jampcj01,0.2031789007229782,0.004482451952581567
jampxd01,0.0514595120783975,0.001135279251801862
jampxm01,0.3552883640731653,0.007838230326093903
janjuo01,0.2705420075979801,0.005968589976113377
jankmx01,0.0735266597162902,0.001622115870493102
janlfz01,0.0795495131841216,0.001754989663937838
janqmy01,0.0426304556319486,0.000940496126354221
janxaq01,0.0213152278159743,0.0004702480631771105
janxqg01,0.0852609112638974,0.001880992252708446
janzza01,0.1203404753876777,0.002654903619207764
jaoadn01,0.0689775261683873,0.001521754698728747
jaoagt01,0.0602885685248464,0.001330062377249504
japlvk01,0.0213152278159743,0.0004702480631771105
japlvo01,0.0795495131841217,0.00175498966393784
jappha01,0.0426304556319487,0.0009404961263542232
japuds01,0.0213152278159743,0.0004702480631771105
jaqsxr01,0.0689775261683873,0.001521754698728747
jaquly01,1.444119032856315,0.03185957870405446
jaqvcs01,0.047662298352413,0.001051506635551637
jaqvda01,0.0213152278159743,0.0004702480631771105
jaqvkf01,0.0514595120783975,0.001135279251801862
jaqvqn01,0.2051626235449852,0.004526216055080621
jaqwch01,0.0674046687438554,0.00148705494492243
jarxwg01,1.067041236378309,0.02354063860208729
jasbru01,0.4330372724616418,0.009553495764468223
jasgtu01,0.252448651900398,0.005569421571880509
jasjct01,0.0883785696305705,0.00194977278938548
jauhxr01,0.0213152278159743,0.0004702480631771105
jauiik01,0.0514595120783975,0.001135279251801862
jaupvl01,0.0213152278159743,0.0004702480631771105
jauvan01,0.0426304556319487,0.0009404961263542232
jauwzs01,0.0887198965598297,0.001957303008099541
jg1575,3.180182952340996,0.07015992917356777
jgm124,0.0972076260770194,0.002144555914833121
jj008,0.1379550523367748,0.003043509397457499
janibacter,0.4943224639188305,0.01090554523975384
jeotgalibaca,0.7056846656561513,0.01556853391873651
jeotgalicoccus,0.1503798065549821,0.003317619374465809
kbs-96,0.08160379634082071,0.001800310440426614
klap22,0.0514595120783975,0.001135279251801862
kaistella,0.1133250686184823,0.002500132510304046
kaistia,0.0823557161627391,0.001816898995940743
keratinibaculum,1.521792118345842,0.03357317136784324
kluyvera,1.046117289817922,0.02307902283006773
kocuria,0.1341048116954835,0.002958566922529967
koleobacter,3.099856249746048,0.0683877934665138
kroppenstedtia,0.4559093840255061,0.01005809117656217
ktedonobacter,0.0929109240083794,0.00204976378578476
l1i39,0.1313503521917785,0.002897799134453766
lb-plm-3,0.2924059530345746,0.006450943628804029
ld21,2.661862400328542,0.05872494767615766
laceyella,1.630564334831782,0.03597286066845027
lachnoanaerobaculum,0.0522114319003159,0.001151867807315992
lachnospira,0.3099531662940556,0.006838063256174031
lachnotalea,0.0426304556319486,0.000940496126354221
lacipirellula,0.1531994925332259,0.003379826163034266
lacrimispora,3.522567273537026,0.0777134756472292
lacticaseibacillus,0.0426304556319487,0.0009404961263542232
lactobacillus,0.899682170413331,0.01984842957178169
lactococcus,0.5724492144671701,0.01262914648131057
lactococcus_a,0.3624859215926011,0.00799701997227277
lawsonella,0.110757172656519,0.002443480612750852
lederbergia_a,0.7636755485491664,0.01684790567107284
legionella,0.1542384374322848,0.003402746951437196
lenti-01,9.337925502988064,0.2060095918178
lentihominibacter,20.02421548248031,0.4417662634701265
lentilactobacillus,1.068180236581072,0.02356576677073421
lentimicrobium,0.0940899677103462,0.002075775378156086
lentzea,2.041001603086348,0.0450277641449108
leptolinea,0.102919024156795,0.002270558503603725
leucobacter,0.511824678002595,0.01129167211323878
leuconostoc,0.2427571058657631,0.005355610544791069
leuconostoc_b,0.0213152278159743,0.0004702480631771105
levilinea,0.3622260153456896,0.007991286024211182
ligilactobacillus,0.1861256522639934,0.004106229979823397
limimorpha,0.2175122344095397,0.004798668249360972
limnochorda,0.5102206905031321,0.01125628558012289
limnohabitans,0.0929109240083794,0.00204976378578476
limosilactobacillus,3.637363011710543,0.08024605348327873
listeria,0.3156478055762784,0.006963696119030445
lucifera,0.7467191920911045,0.01647382129103311
luteibacter,0.0213152278159743,0.0004702480631771105
luteimonas_c,0.1270894049262882,0.002803795813626251
luteimonas_d,0.2162014988149245,0.004769751322925724
luteolibacter,0.0301442842624232,0.0006650311886247518
lutispora,2.771995669442549,0.06115466397754348
lysinibacillus,0.0301442842624232,0.0006650311886247518
lysinibacillus_b,0.0639456834479231,0.001410744189531336
lysobacter_c,0.0213152278159743,0.0004702480631771105
m0108,0.3583469317513121,0.007905707227544929
m3007,0.1803884104330785,0.003979657236512415
m55b127,4.841232319291616,0.1068053384740825
mfbs3-17,0.0213152278159743,0.0004702480631771105
mgbc100798,0.0426304556319487,0.0009404961263542232
mgbc108787,0.06394568344792301,0.001410744189531334
mgbc119817,0.0213152278159743,0.0004702480631771105
mgiib-o1,0.0426304556319486,0.000940496126354221
mh13,0.1566074264471018,0.003455010643175487
mkrk01,0.0951533429203203,0.002099235138344345
mt110,0.1367204233422949,0.003016271504510309
mvzh01,0.0514595120783975,0.001135279251801862
mwbf01,0.2088003805663138,0.004606470801047103
mwbv01,0.0426304556319487,0.0009404961263542232
mweh01,0.0213152278159743,0.0004702480631771105
mwff01,0.0213152278159743,0.0004702480631771105
macellibacteroides,3.683746533901942,0.08126934826868523
mahella,5.871916342069198,0.1295438787159803
mangrovibacterium,0.1044228638006318,0.002303735614631984
maridesulfovibrio,0.0602885685248464,0.001330062377249504
mariniphaga,1.923831284816512,0.04244279926891059
mariniplasma,7.149137654920979,0.1577214264204885
marinitenerispora,2.513623790286813,0.05545456652602293
marinobacter,0.0426304556319487,0.0009404961263542232
marinobacterium_d,0.0213152278159743,0.0004702480631771105
marinospirillum,0.4746161341758819,0.01047079204480998
marmoricola,0.036919057552173,0.0008144935375836172
marseille-p3160,0.2653939948024255,0.005855016569006451
megasphaera,0.0940899677103463,0.002075775378156088
melghirimyces,0.0951533429203203,0.002099235138344345
merdivicinus,0.0426304556319487,0.0009404961263542232
merdousia,0.0852609112638974,0.001880992252708446
mesorhizobium,1.081287971598399,0.02385494439800392
mesotoga,3.717998179411815,0.08202499442460275
methanobacterium,12.66818675523156,0.2794804886461997
methanobacterium_a,2.244382499058911,0.04951467243620516
methanobacterium_c,0.1772707520664053,0.00391087669983538
methanobacterium_d,0.4236839407637457,0.00934714628731685
methanobrevibacter,0.6570887788416395,0.01449643082651565
methanobrevibacter_a,4.73211295678882,0.1043979905763694
methanobrevibacter_b,0.0727747398943719,0.001605527314978975
methanobrevibacter_d,0.0213152278159743,0.0004702480631771105
methanocella_a,0.0778065826148362,0.001716537824176388
methanocorpusculum,43.95963729524762,0.9698200026070689
methanocrinis,0.3466740973550227,0.007648185806050737
methanoculleus,23.22301437523958,0.5123368901038151
methanoculleus_a,0.0426304556319486,0.000940496126354221
methanofastidiosum,0.0213152278159743,0.0004702480631771105
methanofollis,0.4785316052985678,0.01055717360862742
methanogenium,1.851619864544131,0.04084969968698134
methanogranum,0.6196107014502646,0.01366960441597699
methanolinea_a,0.0522114319003159,0.001151867807315992
methanomethylophilus,0.0213152278159743,0.0004702480631771105
methanomethylovorans,0.06394568344792301,0.001410744189531334
methanomicrobium,1.052952133742342,0.02322981043343399
methanoregula,0.342393248404623,0.007553743422180433
methanosarcina,51.01464841583623,1.125464846931156
methanosphaera,0.1164685707362946,0.002569483201521456
methanosphaerula,0.0852609112638975,0.001880992252708449
methanospirillum,1.852738445040617,0.04087437736420448
methanothermobacter,68.05165052458075,1.501328399183565
methanothermobacter_a,0.5565822498853026,0.0122790958307831
methanothrix,20.13403098944476,0.4441889694295789
methanothrix_b,0.0852609112638975,0.001880992252708449
methylobacterium,0.186224773500307,0.004108416753044806
methyloceanibacter,0.1276932372687018,0.002817117322171934
methylocystis,0.0213152278159743,0.0004702480631771105
methyloversatilis,0.0522114319003159,0.001151867807315992
microbacterium,2.604700131435203,0.05746385647572692
micropruina,0.194756579083298,0.004296642048380304
microthrix,0.461908220940944,0.01019043512639723
microvirga,0.0823557161627391,0.001816898995940743
miltoncostaea,0.2943348050519667,0.00649349719347455
miniphocaeibacter,0.7157009948772886,0.01578951018307905
mnb-11,1.578908774475034,0.03483325627764546
mobilitalea,3.346198428105591,0.07382249645221634
mogibacterium,1.684472408089505,0.03716215910137884
monoglobus,2.507730975056796,0.05532456158436806
moorella,15.15897079103115,0.3344311736090612
mt11,0.3654499035783031,0.008062410161864068
muribaculum,0.1203404753876777,0.002654903619207764
mycobacterium,3.61674440063793,0.07979117390113175
nk4a136,0.1221799688160704,0.002695485790292064
norp181,0.0522114319003159,0.001151867807315992
naasia,0.4701805526470815,0.01037293601244708
nakamurella,4.381226539954882,0.0966568742563432
nanosyncoccus,1.126883299771237,0.02486085036102314
natranaerobius,0.047662298352413,0.001051506635551637
natronomonas,0.0639456834479231,0.001410744189531336
neofamilia,3.51248621995136,0.0774910714597454
neorhizobium,0.1029190241567951,0.002270558503603727
neoroseomonas,0.189995230452585,0.004191599072014562
nitrosocosmicus,1.213390550933625,0.02676933886797694
nitrosomonas,0.0670633418145962,0.001479524726208369
nitrosopolaris,0.1838113699005776,0.004055173204430847
nitrososphaera,3.819343350374545,0.08426083120612946
nitrosotalea,0.0972076260770194,0.002144555914833121
nitrosotenuis,0.5526674575950046,0.01219272924309532
niveibacterium,0.0670633418145962,0.001479524726208369
nocardia,0.036919057552173,0.0008144935375836172
nocardioides,0.6045765447535696,0.01333792684118589
nocardiopsis,0.1234581337543508,0.002723684155884797
nocardiopsis_a,7.4756877102916,0.1649256436305589
nodosilinea,0.0213152278159743,0.0004702480631771105
novosphingobium,0.1895100033286909,0.004180894184542461
nucleicultrix,0.0426304556319486,0.000940496126354221
numidum,0.0213152278159743,0.0004702480631771105
olb9,0.0426304556319487,0.0009404961263542232
oceanipulchritudo,0.681685194712362,0.01503906715319088
oceanobacillus,0.9195320806770568,0.02028635038296631
ochrobactrum,0.2318737662626151,0.005115506642854651
ochrobactrum_a,0.550963734823286,0.01215514239014173
odoribacter,0.5283581406757896,0.01165642677909574
olegusella,0.1651070447037717,0.003642525834542497
oleiliquidispirillum,0.0301442842624232,0.0006650311886247518
oligella,0.3637336006689513,0.008024545770926473
oligosphaera,0.644636620984848,0.01422171628135168
olsenella,9.169001164625218,0.2022828503715242
onthenecus,0.1065761390798718,0.002351240315885559
onthovivens,0.0213152278159743,0.0004702480631771105
ornithinicoccus,0.108686762570329,0.002397804050369306
oscillibacter,0.2859270180541155,0.006308007946750094
otoolea,1.397085406839337,0.03082194158707722
ottowia,0.0301442842624232,0.0006650311886247518
oxobacter,1.841514177586207,0.04062675204785375
palsa-555,0.036919057552173,0.0008144935375836172
palsa-968,0.1379550523367747,0.003043509397457496
ph28-bin88,0.06394568344792301,0.001410744189531334
phaa01,1.039778476188734,0.02293917844943521
phbp01,0.4043967812762588,0.008921640659533618
phos-he28,0.0426304556319487,0.0009404961263542232
planc-01,0.0514595120783975,0.001135279251801862
pnke01,0.1065761390798716,0.002351240315885554
pnof01,0.036919057552173,0.0008144935375836172
prdv01,0.0602885685248464,0.001330062377249504
psrf01,0.0301442842624232,0.0006650311886247518
pwym01,0.4053067674367922,0.008941716411629877
paenalcaligenes,0.6172301131774445,0.01361708482603027
paenibacillus,0.2582472864030527,0.005697348735853948
paenibacillus_a,0.1164685707362946,0.002569483201521456
paenibacillus_ae,0.0213152278159743,0.0004702480631771105
paenibacillus_ak,0.1492065947118204,0.003291736442239781
paenibacillus_b,0.1036709439787134,0.002287147059117854
paenibacillus_d,0.150581322509208,0.003322065139155362
paenibacillus_e,0.0213152278159743,0.0004702480631771105
paenibacillus_g,0.4872061414301995,0.01074854776845707
paenibacillus_v,0.0213152278159743,0.0004702480631771105
paeniglutamicibacter,0.2372469359123387,0.005234047370766129
paenirhodobacter,0.0522114319003159,0.001151867807315992
paenisporosarcina,0.0689775261683873,0.001521754698728747
palauibacter,0.0426304556319486,0.000940496126354221
palsa-465,0.1881557370241922,0.00415101690093026
paludibacter,3.858039713083724,0.08511453494193251
pan216,0.1475477598252255,0.00325513988792253
parabacteroides,0.835323284206289,0.01842856946761633
paracholeplasma,0.8855871326274153,0.01953747046421505
parachristensenella,0.1360408679829835,0.003001279424937116
paraclostridium,28.84498482516264,0.6363665621364067
paracoccus,0.4233448650419851,0.009339665733845644
parafannyhessea,0.1544287828621401,0.003406946276468898
parageobacillus,0.0582342853681473,0.001284741600760728
paralactobacillus,0.0213152278159743,0.0004702480631771105
parapusillimonas,0.047662298352413,0.001051506635551637
pararcticibacter,0.0999772804722729,0.00220565892655237
paratissierella,2.434755853725107,0.05371461353395952
parvibacillus,0.102224241486442,0.002255230485161545
parvimonas,9.460091707954618,0.2087047739555281
patulibacter,0.0301442842624232,0.0006650311886247518
paucisalibacillus,0.0426304556319487,0.0009404961263542232
pauljensenia,0.0904328527872696,0.001995093565874256
peh17,0.0426304556319486,0.000940496126354221
pedobacter,0.3757260628719798,0.008289118693739547
pedococcus,0.0213152278159743,0.0004702480631771105
pedosphaera,0.0582342853681473,0.001284741600760728
pelagibacterium,0.0797542796084099,0.001759507139202781
pelethomonas,0.0301442842624232,0.0006650311886247518
pelobium,2.190014030188808,0.04831521693871754
pelolinea,0.0778065826148362,0.001716537824176388
pelosinus,0.1669370720673251,0.003682899169075998
pelotomaculum,0.0972076260770194,0.002144555914833121
pelotomaculum_c,1.897738200716272,0.04186714404409242
peptostreptococcus,0.1674450674511553,0.003694106360826959
perlabentimonas,0.6680239340060259,0.01473767786271857
petralouisia,0.7496052455050775,0.016537492251525
petrimonas,5.372712504066227,0.1185306425461305
petroclostridium,0.4725765889716789,0.01042579641115694
phaeovulum,0.0213152278159743,0.0004702480631771105
phascolarctobacterium,0.0768531468386919,0.001695503503972707
phascolarctobacterium_a,0.1040570902921677,0.002295666065228067
phenylobacterium,0.6834128641580752,0.01507718230812477
phil1,0.0426304556319486,0.000940496126354221
phocaeicola,117.4613834241376,2.591386239461587
phosphoribacter,0.0602885685248464,0.001330062377249504
pirellula,0.0213152278159743,0.0004702480631771105
piscicoccus,0.0514595120783975,0.001135279251801862
planifilum,7.619695251295491,0.1681026806214198
plantactinospora,0.1523242530784934,0.003360516978916811
pluralibacter,0.121500413456759,0.002680493710718871
polynucleobacter,0.0902927539843618,0.001992002761905862
pontibacillus,0.4794159270821675,0.01057668316346556
porcipelethomonas,0.0213152278159743,0.0004702480631771105
porphyromonas,0.0727747398943719,0.001605527314978975
prevotella,10.57041555508209,0.2332002962703192
pristimantibacillus,0.3940226138565887,0.008692769911433102
prolixibacter,0.0301442842624232,0.0006650311886247518
promineifilum,0.2308827555152483,0.005093643358607335
propioniciclava,0.1910350883742113,0.004214540003157586
propionicimonas,0.5903966126960787,0.01302509483002527
propionivibrio,0.0301442842624232,0.0006650311886247518
prosthecobacter,0.047662298352413,0.001051506635551637
proteiniborus,0.258874548407226,0.005711187140261994
proteiniclasticum,0.0706946129865336,0.001559636383949822
proteiniphilum,183.4554873141891,4.047321864608796
pseudidiomarina,0.0689775261683873,0.001521754698728747
pseudobutyricicoccus,2.737050535572143,0.06038371835773133
pseudochelatococcus,0.036919057552173,0.0008144935375836172
pseudoclostridium,1.118626613483138,0.02467869463795225
pseudomonas_e,7.466625175118107,0.1647257095904631
pseudomonas_m,0.0301442842624232,0.0006650311886247518
pseudonocardia,0.0735266597162903,0.001622115870493105
pseudorhodoplanes,0.506179755729393,0.01116713608722599
psychrobacter,2.22225993960536,0.0490266133441153
pullulanibacillus,0.2088156078773553,0.004606806739916088
pygmaiobacter,0.2037837651568912,0.004495796230718681
pyramidobacter,3.754140863355296,0.08282235991697184
qakw01,0.30812624287434,0.006797758399612736
qalr01,0.0213152278159743,0.0004702480631771105
qana01,0.0301442842624232,0.0006650311886247518
qeuy01,0.0213152278159743,0.0004702480631771105
qkmz01,0.0706946129865336,0.001559636383949822
qvmg01,0.0522114319003159,0.001151867807315992
qyoj01,0.047662298352413,0.001051506635551637
quisquiliibacterium,0.0797542796084099,0.001759507139202781
r2a130,0.0522114319003159,0.001151867807315992
rbg-16-49-21,1.451020962281669,0.03201184632101257
rciz01,0.036919057552173,0.0008144935375836172
rf16,6.680236038437943,0.1473767057881097
rfsx01,0.036919057552173,0.0008144935375836172
rgig10190,0.036919057552173,0.0008144935375836172
rgig1681,0.0301442842624232,0.0006650311886247518
rgig3456,0.4904482977341816,0.01082007492902171
rgig4266,0.073838115104346,0.001628987075167234
rgig446,0.102919024156795,0.002270558503603725
rgig4465,0.0213152278159743,0.0004702480631771105
rgig529,0.1417522660627592,0.003127282013707722
rgig6353,0.1204370382467849,0.002657033950530612
rgig8124,0.0426304556319487,0.0009404961263542232
rhkx01,0.1838113699005775,0.004055173204430846
rprb01,0.0213152278159743,0.0004702480631771105
rsa17,2.07309236934101,0.0457357378436866
rug11247,13.23266240223879,0.2919337254592196
rug11257,1.216811362051257,0.02684480743985661
rug13615,0.0213152278159743,0.0004702480631771105
rug14515,0.0514595120783975,0.001135279251801862
rug563,0.7766343564095072,0.01713379772674407
rug666,0.1551304560571109,0.003422426310919717
rug695,3.724162260003878,0.08216098391459134
rug721,8.12519283242071,0.1792547668443361
rug754,0.0951533429203203,0.002099235138344345
rug806,0.0795495131841216,0.001754989663937838
rzyc01,0.9770783378995526,0.02155591298091753
rzyy01,28.85755504892877,0.63664388140462
raineyella,0.1273519103394426,0.002809587103457873
rathayibacter,0.0904328527872696,0.001995093565874256
rectinema,0.0852609112638974,0.001880992252708446
reyranella,0.047662298352413,0.001051506635551637
rhabdaerophilum,0.3777387292294792,0.008333521336986291
rhizomicrobium,0.0514595120783975,0.001135279251801862
rhodococcus,0.7826634148063893,0.01726680841086122
rhodoferax,0.0213152278159743,0.0004702480631771105
rhodoglobus,0.0301442842624232,0.0006650311886247518
rhodosalinus,0.0301442842624232,0.0006650311886247518
rhodovarius,0.0213152278159743,0.0004702480631771105
robinsoniella,0.3497860727060017,0.007716840966299883
romboutsia_a,80.21403237941045,1.769650021651416
roseicyclus,0.2776218802612372,0.006124783305885914
roseinatronobacter,0.3851889272878342,0.008497884638071993
rossellomorea,0.0213152278159743,0.0004702480631771105
rothia,0.1116079818003361,0.002462250825082972
rubrivivax,0.0976786449219308,0.002154947344915492
rumen-m2,1.663081854202147,0.036690249224428
ruminiclostridium,11.09063310705794,0.2446771286250757
ruminiclostridium_d,1.395552196830423,0.03078811651875704
ruminococcus,13.63314373080721,0.3007689849611969
ruminococcus_e,2.938875359694106,0.06483629721186338
ruminococcus_g,0.0797542796084099,0.001759507139202781
rummeliibacillus,0.0426304556319487,0.0009404961263542232
ruoffia,0.2650894225931426,0.005848297218279854
s145-28,0.0301442842624232,0.0006650311886247518
sb21,0.0902927539843617,0.00199200276190586
scmt01,0.1194836024706405,0.002635999630326928
sfeb01,0.4669832751990677,0.01030239895132116
sffi01,17.12498389300135,0.3778045713209752
sfla01,0.4146536561909455,0.009147923747123544
sfmi01,10.86488810236173,0.2396968322779381
shnd01,0.047662298352413,0.001051506635551637
shva01,0.0522114319003159,0.001151867807315992
shvz01,0.0582342853681473,0.001284741600760728
sibe01,0.0301442842624232,0.0006650311886247518
sig204,0.2116624843264027,0.004669613393817568
sig37,0.0213152278159743,0.0004702480631771105
sig424,27.80161262347814,0.613348100346978
sig435,16.76181794211436,0.3697925488133625
sig459,0.1310090252625192,0.002890268915739703
sig502,0.4853741129286183,0.01070813028561374
sig636,0.1310090252625192,0.002890268915739703
sklg01,0.1125000004251623,0.002481930184565496
skmy01,1.427133028942672,0.03148484025366251
skvr01,1.062343875970296,0.0234370073083951
skw16,22.84572088559136,0.504013191465068
sm1-50,0.087884935719366,0.00193888243472136
sm23-62,0.0213152278159743,0.0004702480631771105
sr-fbr-e99,1.773355421604783,0.03912306073075672
stc-113,0.0602885685248464,0.001330062377249504
sxxk01,0.0213152278159743,0.0004702480631771105
syfn01,0.0852609112638975,0.001880992252708449
syhx01,0.2814214430226589,0.006208607745619999
szua-378,0.0514595120783975,0.001135279251801862
szua-444,0.203783765156891,0.004495796230718676
saccharofermentans,0.5756370697656014,0.01269947567472659
saccharomonospora,3.38859621378541,0.07475785950679233
saccharopolyspora,0.3425584716558847,0.007557388511717754
salinicoccus,0.036919057552173,0.0008144935375836172
salinigranum,0.0213152278159743,0.0004702480631771105
sanguibacter,0.295328840328394,0.006515427203676895
sarcina,0.3022041482946816,0.00666710750861222
savagea,0.1291695318341265,0.002849686744655403
sbd1,0.0213152278159743,0.0004702480631771105
scatomorpha,2.170924986569119,0.04789408206427182
scrofimicrobium,0.1794232434368505,0.003958364106805467
scybalousia,0.0213152278159743,0.0004702480631771105
secundilactobacillus,0.4600190843702527,0.01014875774808749
sedimentibacter,64.87034184701282,1.431143634708578
serinicoccus,0.7774293419329055,0.01715133638060503
serratia,0.0301442842624232,0.0006650311886247518
shouchella,0.1380951511396826,0.003046600201425892
siccibacter,0.2422539669731633,0.005344510495014598
siculibacillus,0.0602885685248464,0.001330062377249504
sideroxyarcus,0.2286571157734013,0.005044542181412823
siminovitchia,0.0514595120783975,0.001135279251801862
sinanaerobacter,0.08160379634082071,0.001800310440426614
skermania,0.0582342853681473,0.001284741600760728
soehngenia,0.0902927539843617,0.00199200276190586
solibacillus,0.1720366491280903,0.00379540400630087
solidesulfovibrio,0.0602885685248464,0.001330062377249504
sphaerobacter,7.412642149734177,0.1635347575935903
sphaerochaeta,5.949619571812524,0.1312581364102856
sphingobacterium,0.1931427603604615,0.004261038622731524
sphingomonas,0.0426304556319487,0.0009404961263542232
spirillospora,0.7215012772304878,0.01591747370127463
spirosoma,0.0213152278159743,0.0004702480631771105
sporanaerobacter,0.7381835938408542,0.0162855123233837
sporobacter,0.7885714870668163,0.01739714994704194
sporomusa,1.281252271611134,0.02826647711055058
sporosarcina,1.301118678383768,0.02870476186114184
sporotomaculum,0.0865390762021778,0.00190919061830118
staphylococcus,1.991395408068775,0.04393337203566401
stenotrophomonas,0.3513267811224698,0.007750831461499838
streptacidiphilus,0.6963343528281492,0.0153622510426899
streptococcus,10.47185767914826,0.2310259516811425
streptomyces,1.100150171994706,0.02427107474763943
stutzerimonas,0.3115599396333649,0.006873511249378615
succinivibrio,0.1613086214513339,0.003558726534201586
suicoccus,0.3686602966759709,0.00813323657522682
sulfurimonas,0.0213152278159743,0.0004702480631771105
sulfurospirillum,0.1154051955263206,0.002546023441333199
sulfurospirillum_b,0.3821747131100726,0.008431386245874134
sulfurovum,0.047662298352413,0.001051506635551637
sunxiuqinia,0.0213152278159743,0.0004702480631771105
sutterella,0.0301442842624232,0.0006650311886247518
symbiobacterium,7.220294998399223,0.1592912713801748
syner-03,5.625508689910751,0.1241077312734139
synergistes,0.6529048985646757,0.01440412772688222
syntrophaceticus,45.5464571879295,1.004827790822466
syntrophobacter,0.686995428679007,0.01515621941913855
syntrophomonas,5.915988654835575,0.1305161845199367
syntrophomonas_b,0.6006075220047375,0.01325036384272967
syntrophorhabdus,0.0904328527872696,0.001995093565874256
syntrophosphaera,27.75012361882922,0.6122121704418363
syntrophotalea,0.0213152278159743,0.0004702480631771105
syntrophothermus,0.6727599849482985,0.01484216273156162
syntrophus,0.1040570902921676,0.002295666065228065
t3sed10-213,0.1697198605582368,0.003744291939980472
t78,107.3775504501734,2.368920734220568
ta-13,0.0797542796084099,0.001759507139202781
ta-20,0.0990252475717033,0.002184655556030651
ta-21,4.050846426607517,0.08936815983324889
tta-h9,1.929169247623317,0.04256056327748151
tabrizicola,0.153602418016774,0.003388715344509549
tatlockia,0.0639456834479231,0.001410744189531336
tener-01,0.5020413178747911,0.01107583552020851
tepidanaerobacter,6.195951525728585,0.1366926138283899
tepidibacter,0.1492065947118206,0.003291736442239785
teretinema,6.018438217713802,0.1327763859558661
termiticorpusculum,3.730160527430597,0.08229331530059318
terribacillus,7.260459309343395,0.1601773604050449
terrisporobacter,0.7098567428893422,0.01566057662432107
thalassospira,0.2233244500115792,0.004926895034137747
thauera,0.3536674696962994,0.00780247080018517
thermacetogenium,3.282606562338205,0.0724195580473769
thermaerobacter,3.756312376829338,0.08287026698201229
thermanaerosceptrum,0.7742507720761729,0.01708121203890405
thermoactinomyces,8.858615801829435,0.1954352521683346
thermoanaerobacter,0.047662298352413,0.001051506635551637
thermoanaerobacterium,0.5311969178526388,0.01171905475008108
thermobacillus,1.068324054706154,0.02356893962890647
thermobifida,1.601685304201913,0.03533574300133574
thermobispora,0.0213152278159743,0.0004702480631771105
thermoclostridium,2.7395383682702,0.06043860393145687
thermoclostridium_a,50.62333599703791,1.116831868263241
thermodesulfitimonas,11.59289385728232,0.2557578051743497
thermodesulfovibrio,0.1223847352403586,0.002700003265557004
thermoflavimicrobium,3.284273484307842,0.07245633301569798
thermogutta,0.517261327760327,0.01141161331399995
thermomonospora,0.2427571058657631,0.005355610544791069
thermopolyspora,0.2890446764207885,0.006376788483427123
thermosinus,0.0689775261683873,0.001521754698728747
thermostaphylospora,0.0727747398943718,0.001605527314978973
thermosynergistes,0.5011177536398506,0.01105546021404476
thermovirga,34.59293747107706,0.7631756031802618
thiobacillus,0.0213152278159743,0.0004702480631771105
thioglobus_c,0.4192159849106003,0.009248576025509568
thiomicrorhabdus,0.0706946129865336,0.001559636383949822
thiomicrospira,0.0301442842624232,0.0006650311886247518
thiopseudomonas,1.812849621718467,0.0399943660374854
tidjanibacter,0.5414726601263874,0.01194575408182907
tissierella,2.211297297361138,0.04878475989890907
tissierella_a,0.06394568344792301,0.001410744189531334
traorella,2.97921428180845,0.06572623843879723
treponema_d,1.262126848168289,0.02784453963894169
treponema_f,2.640509217289601,0.05825386225997445
trichococcus,3.406656495880449,0.07515629825438384
trueperella,0.2926264001034055,0.006455807044201031
tumebacillus,2.215268733291399,0.04887237613601246
turicibacter,48.78663280239882,1.076311254204265
uba10281,0.0582342853681473,0.001284741600760728
uba10511,0.0301442842624232,0.0006650311886247518
uba10518,0.2318479225114761,0.00511493648831428
uba10566,0.9861171561479618,0.02175532378766195
uba1062,0.6714866536921831,0.01481407100473887
uba10649,0.1008388972489568,0.002224667572574574
uba1067,0.0426304556319486,0.000940496126354221
uba10799,0.036919057552173,0.0008144935375836172
uba11358,1.312040274506316,0.02894570976316622
uba11452,0.664337235094047,0.0146563433802611
uba1179,2.757936043818736,0.06084448611898744
uba11865,1.737451266636336,0.03833095756959465
uba1217,0.0689775261683874,0.001521754698728749
uba12396,0.0514595120783975,0.001135279251801862
uba12465,0.4127745859423162,0.009106468448000282
uba12481,0.5253915337897428,0.01159097867999891
uba12545,3.04980998228425,0.06728369265434621
uba1258,5.129096752652809,0.1131560889053882
uba1361,1.684177437424784,0.03715565157610271
uba1362,0.0213152278159743,0.0004702480631771105
uba1367,0.5855533903862652,0.01291824558917319
uba1384,0.3413852823853692,0.007531506077480452
uba1412,2.2270815694279,0.0491329862201165
uba1413,8.026629053498034,0.1770802920257714
uba1425,0.1154051955263204,0.002546023441333194
uba1429,0.06394568344792301,0.001410744189531334
uba1444,0.6604184413443823,0.01456988851397113
uba1535,0.0213152278159743,0.0004702480631771105
uba1547,0.0213152278159743,0.0004702480631771105
uba1685,0.2031042097975798,0.004480804151145487
uba1711,0.0904328527872696,0.001995093565874256
uba1712,0.0670633418145962,0.001479524726208369
uba1752,0.4221841564553226,0.009314058643482668
uba1829,0.3236306066333642,0.007139809495262321
uba183,0.2911754546308011,0.0064237968633032
uba1876,1.026932765977582,0.02265578150903744
uba2192,0.1565351581963443,0.003453416289822039
uba2199,0.0301442842624232,0.0006650311886247518
uba2212,0.1039823993667692,0.002294018263791987
uba2214,0.2731379234571326,0.006025860037474033
uba2224,0.3921500322640845,0.008651457762455916
uba2227,4.50189402338902,0.09931899219677795
uba2253,12.12862083562419,0.2675768003139742
uba2256,22.03963217056788,0.4862295834144595
uba2259,0.0301442842624232,0.0006650311886247518
uba2284,0.7838147708238943,0.0172922091685699
uba2632,2.293621448315212,0.05060096251579318
uba2658,0.139838081708968,0.003085052041187342
uba288,0.3689055421923237,0.008138647084092288
uba3006,0.356989112121568,0.00787575155188696
uba3103,0.047662298352413,0.001051506635551637
uba3207,0.0991218104308105,0.002186785887353499
uba3254,0.0213152278159743,0.0004702480631771105
uba3263,0.0522114319003159,0.001151867807315992
uba3291,0.0213152278159743,0.0004702480631771105
uba3534,0.581572916611419,0.01283042996274362
uba3583,0.2336501955128925,0.005154697517168839
uba3700,3.458320343851359,0.07629608548323015
uba3775,0.6153552668540487,0.01357572271346252
uba3792,1.343997439276265,0.02965073599921884
uba3946,5.833259707370268,0.12869105144371
uba4053,8.87563486785285,0.195810720021819
uba4179,16.55207366139246,0.3651652540631731
uba4334,0.2901210317498644,0.006400534605831172
uba4372,0.0727747398943719,0.001605527314978975
uba4417,0.2589727566209724,0.005713353770743311
uba4644,0.0301442842624232,0.0006650311886247518
uba472,0.0778065826148362,0.001716537824176388
uba4782,0.0213152278159743,0.0004702480631771105
uba4810,0.1682694097439515,0.003712292672037383
uba4923,20.13815092986746,0.444279861913624
uba4971,159.6614241699877,3.522386724094413
uba5026,0.08160379634082071,0.001800310440426614
uba5066,0.0602885685248464,0.001330062377249504
uba5072,0.1044228638006318,0.002303735614631984
uba5124,0.2493917803526052,0.005501982089781544
uba5150,0.08160379634082071,0.001800310440426614
uba5189,0.0213152278159743,0.0004702480631771105
uba5232,0.0213152278159743,0.0004702480631771105
uba5272,0.2399206407174255,0.005293033580857543
uba5348,0.2356956287663587,0.00519982305061867
uba5352,0.71167418858066,0.01570067238701478
uba5429,5.615193426165425,0.123880160034707
uba5435,1.226740025097882,0.02706384964798701
uba5453,6.187566150572589,0.1365076190227906
uba5456,41.61511522756551,0.9180960909077882
uba5734,0.7969906870996986,0.01758289098359781
uba5738,0.6860473559417839,0.01513530341616268
uba5767,0.0727747398943718,0.001605527314978973
uba5851,0.5321547152619941,0.01174018529489881
uba5905,0.0213152278159743,0.0004702480631771105
uba6,0.3289787657073074,0.007257798449816215
uba6016,0.1065761390798718,0.002351240315885559
uba6024,0.5642533849967112,0.0124483333571025
uba6082,0.102919024156795,0.002270558503603725
uba6107,0.4141712392597127,0.009137280857002234
uba6115,74.81464325682533,1.650530850176628
uba6163,0.0213152278159743,0.0004702480631771105
uba6170,0.09484188753226461,0.002092363933670215
uba6182,0.1278913668958461,0.00282148837906267
uba6256,2.419301354505023,0.05337366252989987
uba6345,0.0213152278159743,0.0004702480631771105
uba644,0.0213152278159743,0.0004702480631771105
uba6503,0.0514595120783975,0.001135279251801862
uba6544,0.0213152278159743,0.0004702480631771105
uba6659,0.0706946129865336,0.001559636383949822
uba6857,0.3573184488333642,0.00788301724720077
uba7050,0.2165135547735292,0.004776635777148012
uba7067,0.047662298352413,0.001051506635551637
uba7173,0.0213152278159743,0.0004702480631771105
uba721,0.7320629583979164,0.01615048130296469
uba7332,0.21261282160334,0.004690579356166319
uba737,0.0825535223518858,0.001821262917271248
uba738,0.6689113367099679,0.01475725538759373
uba7396,0.0213152278159743,0.0004702480631771105
uba7640,1.327092027769069,0.02927777554638646
uba7703,0.036919057552173,0.0008144935375836172
uba7706,0.0522114319003159,0.001151867807315992
uba7867,0.0301442842624232,0.0006650311886247518
uba8199,0.2485492498683433,0.005483394517937956
uba8346,160.078134505951,3.531580021491204
uba8389,1.937355510448026,0.04274116534616282
uba8515,0.0689775261683873,0.001521754698728747
uba852,0.7321720507674794,0.01615288805535492
uba8525,0.0639456834479231,0.001410744189531336
uba866,0.452294474195959,0.009978340476237477
uba8904,0.0426304556319487,0.0009404961263542232
uba8950,0.0213152278159743,0.0004702480631771105
uba9076,1.364822353978892,0.030110166969851
uba9339,0.2499843261583542,0.005515054599252372
uba946,0.0426304556319487,0.0009404961263542232
uba9627,0.036919057552173,0.0008144935375836172
uba9628,0.0514595120783975,0.001135279251801862
uba9631,0.1364840518548683,0.003011056770935219
uba9647,0.3139290139937575,0.00692577682397699
uba9715,0.0940899677103463,0.002075775378156088
uba9862,0.7607400912782883,0.01678314478237452
uba9949,0.3100697232679969,0.006840634689691836
umgs1071,0.0514595120783975,0.001135279251801862
umgs1338,0.0522114319003159,0.001151867807315992
umgs1491,0.2233244500115792,0.004926895034137748
umgs1518,0.0213152278159743,0.0004702480631771105
umgs1613,0.1504847596501008,0.003319934807832514
umgs1663,0.6617630884747092,0.01459955358319545
umgs1865,0.0426304556319487,0.0009404961263542232
umgs2070,0.0972076260770194,0.002144555914833121
umgs263,3.893938412664233,0.08590651774849956
umgs363,0.2864509367076859,0.006319566431333551
umgs687,0.1310090252625191,0.002890268915739701
umgs755,1.472149911832035,0.03247798478731508
umgs882,0.0213152278159743,0.0004702480631771105
upxz01,35.18521714133135,0.7762422412758455
udaeobacter,0.2101010856171384,0.004635166437621843
ulvibacter,0.0213152278159743,0.0004702480631771105
undibacterium,0.047662298352413,0.001051506635551637
unknown,755.6832117534102,16.67158192117386
ureibacillus,2.27118192741692,0.05010591074660045
vatk01,0.0301442842624232,0.0006650311886247518
vayn01,0.0213152278159743,0.0004702480631771105
vemy01,0.8461059556373045,0.01866645246844967
veov01,0.3589907162673156,0.007919910145025697
vfjn01,0.2183242196831155,0.004816581944936921
vfzk01,1.353845628216187,0.02986800281967148
vgbv01,0.0514595120783975,0.001135279251801862
vgsz01,0.8843436473526378,0.01951003718754065
vhbl01,0.0426304556319487,0.0009404961263542232
vadinca11,1.699804707560949,0.03750041418327361
vagococcus_d,0.1691843758192638,0.003732478289029284
vallitalea_a,0.0213152278159743,0.0004702480631771105
ventricola,0.0563947919397546,0.001244159429676428
vermiculatibacterium,0.036919057552173,0.0008144935375836172
vescimonas,0.4467162553978663,0.009855276035715036
vicinibacter,0.047662298352413,0.001051506635551637
victivallis,0.1603771913065238,0.003538177693468415
villigracilis,0.0213152278159743,0.0004702480631771105
viridilinea,0.4469469209748753,0.00986036488776797
vreelandella,0.175769871438732,0.003877764869442721
vulgatibacter,0.6749069042129898,0.01488952720895473
wfva01,0.0514595120783975,0.001135279251801862
wgai01,0.0426304556319487,0.0009404961263542232
wlnj01,0.0301442842624232,0.0006650311886247518
wo2-35-19,0.1436999630563329,0.003170251328734115
wquu01,0.2183242196831154,0.004816581944936919
wqze01,0.1455494797887437,0.003211054629957948
wrav01,0.0582342853681473,0.001284741600760728
wrcc01,0.0426304556319486,0.000940496126354221
wrgt01,0.136720423342295,0.003016271504510311
wrhl01,0.1117480806032439,0.002465341629051366
wrio01,1.07777320811556,0.0237774030864777
wrjc01,0.0426304556319487,0.0009404961263542232
wrji01,0.0213152278159743,0.0004702480631771105
wrmh01,0.1824685373409167,0.004025548167541565
wrms01,0.2133647414252582,0.004707167911680445
wrnp01,0.0727747398943718,0.001605527314978973
wrnx01,0.0991218104308105,0.002186785887353499
wtbx01,0.2619449630429049,0.005778925404569756
wyz-lmo8,0.1043237262960284,0.002301548482506047
williamwhitmania,0.1974226832590075,0.004355460576414811
wolinella,3.046865510237251,0.067218732885249
woodwardibium,0.260275119955753,0.005742085991717957
xyc2-full-35-21,0.0670633418145962,0.001479524726208369
xanthobacter,0.0563947919397546,0.001244159429676428
xanthomarina,0.036919057552173,0.0008144935375836172
xanthomonas_b,0.0213152278159743,0.0004702480631771105
xenobium,0.5172821075212977,0.01141207174880693
xylanivirga,0.3077661645236603,0.006789814494510663
yb12-full-65-16,0.1632075926816414,0.003600620880853229
yim-78166,3.964214704071093,0.08745692528843584
yersinia,0.0522114319003159,0.001151867807315992
z2-yc6860,0.0904328527872696,0.001995093565874256
zc3rg10,32.10918004848622,0.7083799365583083
zc4rg17,0.0602885685248464,0.001330062377249504
zcth02-b6,0.9958341425399039,0.02196969606977777
zag111,0.0639456834479231,0.001410744189531336
zeimonas,0.1881799354206926,0.004151550756312176
zhaonella,3.384938942078138,0.07467717423560005
zoogloea,0.4428213329897356,0.00976934780945062
