,Abundance,Relative Abundance (%)
2-12-FULL-69-37,0.0,0.0
2011-GWC2-44-17,0.0426304556319487,0.0037989428411136974
4572-112,0.0,0.0
46-80,0.0,0.0
58-81,0.0,0.0
67-14,0.1116079818003361,0.009945761479353754
79-D21,0.1736394808944681,0.015473596355005339
AG41,0.0,0.0
ASP10-05a,0.0,0.0
AUK324,0.12034047538767771,0.010723943262938558
AWTP1-35,0.2227332544281109,0.019848507125818603
Absconditicoccus,0.0,0.0
Absicoccus,0.0,0.0
Acetatifactor,0.0,0.0
Acetivibrio,0.0,0.0
Acetoanaerobium,0.0,0.0
Acetobacter,0.0,0.0
Acetobacterium,0.0514595120783975,0.004585729664848431
Acetobacteroides,0.0,0.0
Acetomicrobium,50.75253543010207,4.522728605228893
Acholeplasma,0.0,0.0
Acholeplasma_C,0.0,0.0
Achromobacter,2.228393047091127,0.19857957621944852
Acidaminococcus,0.4582079940828202,0.04083245072232945
Acidilutibacter,0.0,0.0
Acidimangrovimonas,0.0,0.0
Acinetobacter,0.2243228747544469,0.019990163523089133
Actinomyces,0.0953245967048261,0.008494694435366415
Advenella_A,0.1164685707362947,0.010378904856972687
Aeoliella,0.0213152278159743,0.0018994714205568444
Aequorivita,0.0,0.0
Aeriscardovia,0.4046304399748969,0.036057975230443344
Aerococcus,0.0,0.0
Aestuariivirga,0.6647718671585768,0.05924005005996743
Afipia,0.7943513495132413,0.07078731221208834
Agathobaculum,0.0,0.0
Aggregatilinea,0.0,0.0
Agriterribacter,0.0,0.0
Akkermansia,0.0,0.0
Albibacterium,0.0,0.0
Albidovulum,0.1852747403195342,0.016510453335352254
Alcaligenes,0.0953245967048261,0.008494694435366415
Aldehydirespirator,0.2952799931541347,0.026313390262625365
Aliarcobacter,0.0,0.0
Aliidiomarina,0.0,0.0
Alistipes,0.0213152278159743,0.0018994714205568444
Aliterella,0.0,0.0
Alkalicella,0.0213152278159743,0.0018994714205568444
Alkaliflexus,0.0,0.0
Alkalihalobacterium,4.61315553848945,0.41109375792724556
Alkaliphilus,0.0,0.0
Alkaliphilus_B,0.0,0.0
Alsobacter,0.1234581337543508,0.011001768253489088
Altimarinus,0.0,0.0
Amaricoccus,0.1086062238400705,0.009678264762631804
Aminiphilus,0.33255061936750707,0.02963470073276268
Aminipila,0.0823557161627391,0.007338994005655384
Aminithiophilus,17.176133566735455,1.530622853640366
Aminivibrio,3.8191892350364562,0.34034075846064377
Aminobacterium,0.2395710097875979,0.02134897596283026
Amphibacillus_B,0.3000004832871854,0.026734048966166442
Amphritea,0.0,0.0
Anaerobacterium,0.6043863812303758,0.05385889693660764
Anaerobranca,0.0,0.0
Anaerocaecibacter,0.0,0.0
Anaerococcus,0.0,0.0
Anaerocolumna,0.0,0.0
Anaeromyxobacter_A,0.0,0.0
Anaerosphaera,0.0,0.0
Anaerosporobacter,0.5242539783466926,0.04671802983200965
Anaerotignum,0.0,0.0
Andreesenia,0.0,0.0
Anoxybacillus_A,4.545943371066031,0.40510425632601055
Aphodoplasma,0.0,0.0
Aphodosoma,0.0,0.0
Aphodousia,0.0,0.0
Apilactobacillus,0.0,0.0
Aquamicrobium_A,0.0426304556319487,0.0037989428411136974
Aquincolibacterium,0.0,0.0
Aquisediminimonas,0.0213152278159743,0.0018994714205568444
Arachnia,0.6606267680295483,0.05887066637807856
Arctic95D-9,0.036919057552173,0.0032899810079294947
Arenimonas,0.0,0.0
Aristaeella,0.0,0.0
Arthrobacter,0.0563947919397546,0.005025529001268006
Arthrobacter_C,0.036919057552173,0.0032899810079294947
Arthrobacter_D,0.13135035219177849,0.011705070301025775
Asp313,0.0,0.0
Atopostipes,0.0,0.0
Atribacter,0.0904328527872696,0.00805877473287476
Aureimonas_A,0.0990252475717033,0.008824471842381703
Azohydromonas,0.0301442842624232,0.002686258244291587
Azonexus,0.4981810399706914,0.04439458287086394
Azospirillum,0.0639456834479231,0.005698414261670551
B1SED10-75,0.5396180588525665,0.04808717456158983
BICA1-8,0.0891304894524889,0.007942716769293293
BM520,0.7729989029424487,0.0688845241034953
BOG-932,0.0,0.0
BP-133,0.047662298352413,0.0042473472176832025
BRH-c8a,0.0213152278159743,0.0018994714205568444
Bacillus,2.412062240095822,0.2149469538501816
Bacillus_BU,1.1347503750117367,0.10112141073085842
Bact-08,0.0948418875322645,0.008451678602477485
Bact-11,0.0,0.0
Bact-19,0.0,0.0
Bacteroides,0.102224241486442,0.009109544916338135
Bacteroides_E,0.0,0.0
Bacteroides_G,0.0,0.0
Bacteroides_H,0.0,0.0
Bacteroides_I,0.0,0.0
Baekduia,1.9439543892194384,0.17323229369479665
Bariatricus,0.0,0.0
Bifidobacterium,0.0563947919397546,0.005025529001268006
Bilifractor,0.0,0.0
Bin107,0.6429191547047436,0.05729268158114709
Bin65,2.814871294617456,0.2508426193157864
Bin94,0.0,0.0
Biomaibacter,3.908937718742317,0.3483385467699873
Bipolaricaulis,0.0,0.0
Blautia,0.0,0.0
Bosea,0.0213152278159743,0.0018994714205568444
Bovifimicola,0.0,0.0
Brachybacterium,0.0,0.0
Brachymonas,0.11250000042516231,0.010025252249946971
Brevefilum,0.0639456834479231,0.005698414261670551
Brevibacillus,0.8823959503590639,0.07863326180666136
Brevundimonas,0.0426304556319486,0.0037989428411136887
Breznakiella,0.0,0.0
Brooklawnia,0.2745042218945642,0.024461991624605387
Brucepastera,0.0,0.0
Bu05,3.2179359631725855,0.2867610634049888
Bulleidia,0.0,0.0
Bullifex,0.0,0.0
Burkholderia,0.0,0.0
Butyribacter,0.0,0.0
Butyricicoccus,0.0,0.0
CABMKH01,0.036919057552173,0.0032899810079294947
CADCWI01,0.036919057552173,0.0032899810079294947
CADDZS01,0.0,0.0
CADEEN01,0.0,0.0
CAG-1000,0.0,0.0
CAG-115,0.0,0.0
CAG-177,0.0,0.0
CAG-1782,0.0,0.0
CAG-238,0.0,0.0
CAG-266,0.0,0.0
CAG-269,0.0,0.0
CAG-273,0.0,0.0
CAG-313,0.0,0.0
CAG-390,0.0,0.0
CAG-411,0.0,0.0
CAG-448,0.0,0.0
CAG-465,0.073838115104346,0.006579962015858989
CAG-488,0.0602885685248464,0.005372516488583174
CAG-492,0.0,0.0
CAG-552,0.0,0.0
CAG-762,0.0,0.0
CAG-791,66.32318458973025,5.910281360169002
CAG-873,0.0,0.0
CAIJMU01,0.0213152278159743,0.0018994714205568444
CAIKOD01,0.0426304556319487,0.0037989428411136974
CAILAD01,0.0,0.0
CAIMTB01,0.0,0.0
CAINDR01,0.0,0.0
CAINNR01,0.0,0.0
CAINVV01,0.0,0.0
CAIOMD01,0.036919057552173,0.0032899810079294947
CAIQIQ01,0.0,0.0
CAIRDP01,0.0,0.0
CAISTG01,0.0,0.0
CAITKP01,0.0904328527872696,0.00805877473287476
CAIVAT01,0.0,0.0
CAIWHR01,0.047662298352413,0.0042473472176832025
CAIWKO01,0.0,0.0
CAIWXQ01,0.0,0.0
CAIXSE01,0.1505813225092082,0.013418806547380082
CAJATL01,0.0,0.0
CAJBEZ01,0.0,0.0
CAJBLF01,0.0,0.0
CAJBVG01,0.0,0.0
CAJLIR01,0.0,0.0
CAJOIG01,0.0301442842624232,0.002686258244291587
CAJOJO01,0.0,0.0
CAJOLV01,0.0,0.0
CAKKPP01,0.0795495131841217,0.007088923849043193
CAKPSH01,0.0,0.0
CAKXIK01,0.0,0.0
CALARR01,0.0,0.0
CALBKH01,0.0845813559045861,0.007537328225612707
CALBOC01,0.0563947919397546,0.005025529001268006
CALCJH01,0.0,0.0
CALCTH01,0.0,0.0
CALDPK01,0.0,0.0
CALDZK01,0.0,0.0
CALEKX01,0.0,0.0
CALFYT01,0.19030658303999862,0.016958857711921772
CALGFD01,0.0,0.0
CALGKJ01,0.0,0.0
CALHVR01,0.0,0.0
CALJES01,0.3284317085215269,0.029267650776585455
CALKXV01,0.0426304556319487,0.0037989428411136974
CALLXS01,0.0,0.0
CALUTH01,0.0,0.0
CALVLD01,16.682916507463364,1.4866706277337622
CALVVN01,0.0,0.0
CALVVX01,0.0,0.0
CALZBJ01,0.0,0.0
CALZJG01,0.0301442842624232,0.002686258244291587
CAMDPA01,2.718157944665772,0.24222416842210828
CAMUXE01,0.0,0.0
CANRIN01,0.0,0.0
CASEAR01,0.0,0.0
CASEYK01,0.0706946129865336,0.006299834001990439
CASGDD01,0.0,0.0
CF-154,0.0563947919397546,0.005025529001268006
CHH4-2,0.0,0.0
Caccocola,0.24922042376745732,0.022208867597022806
Caccovivens,0.0,0.0
Caldalkalibacillus,22.695974420136114,2.0225143800916587
Caldatribacterium,11.365091188126714,1.0127813828802077
Caldibacillus_B,0.3384979686079515,0.030164688965017394
Caldicellulosiruptor,3.402064975666599,0.30316941709218803
Caldicoprobacter,4.611069413776898,0.41090785635934196
Caldimonas,0.213949411177152,0.019065749401533643
Caldisalinibacter,0.1146290773079019,0.010214981429754345
Caloramator,0.0426304556319487,0.0037989428411136974
Caloramator_B,0.2875890028430585,0.025628020328144978
Caloranaerobacter,2.3916964305954607,0.21313208827912494
Caproicibacterium,0.0,0.0
Caproiciproducens,0.0,0.0
Carboxydothermus,2.173183089693007,0.19365963179693116
Carboxylicivirga,0.0,0.0
Carnobacterium_A,0.0,0.0
Catenibacterium,0.0,0.0
Cellulomonas,0.0,0.0
Cellulosilyticum,0.0213152278159743,0.0018994714205568444
Cellulosimicrobium,0.1970089918671413,0.017556131835659
Centipeda,1.903309845254934,0.16961032210112298
Ch115,0.6048636763718367,0.05390143030703197
Ch66,0.0,0.0
Ch71,0.0426304556319486,0.0037989428411136887
Changpingibacter,0.186888271214496,0.016654240483565074
Chelatococcus_A,0.6466373618873905,0.05762402349032687
Chiayiivirga,0.0,0.0
Chitinispirillum,0.0,0.0
Christensenella,0.0,0.0
Citrobacter,0.0563947919397546,0.005025529001268006
Cloacibacillus,0.0,0.0
Cloacibacterium,0.0,0.0
Cloacimonas,0.110757172656519,0.009869943023788486
Clostridioides,0.0,0.0
Clostridium,0.0301442842624232,0.002686258244291587
Clostridium_AB,0.0852609112638975,0.0075978856822274034
Clostridium_AD,0.0213152278159743,0.0018994714205568444
Clostridium_AK,0.2217832049790481,0.019763845033900537
Clostridium_AN,0.0,0.0
Clostridium_AT,0.8908175124120612,0.07938373543866853
Clostridium_AU,0.505025479874117,0.04500451386003838
Clostridium_E,0.0,0.0
Clostridium_G,0.0,0.0
Clostridium_H,2.0325256237162446,0.1811251733798094
Clostridium_J,0.48248796743066286,0.04299612055801123
Clostridium_N,0.0,0.0
Collinsella,0.2879644467854276,0.025661477396711554
Comamonas,1.09084592391092,0.09720893788181208
Comamonas_C,0.0,0.0
Companilactobacillus,0.0,0.0
Conexibacter,0.0,0.0
Contubernalis,0.0213152278159743,0.0018994714205568444
Coprenecus,0.0,0.0
Coproplasma,0.0,0.0
Coprosoma,0.0,0.0
Coprothermobacter,2.1929045916854117,0.1954170809655933
Corynebacterium,1.010098206613022,0.09001323804661657
Cryptobacteroides,0.0,0.0
Cupidesulfovibrio,0.1100351243758041,0.009805598880468924
Curtobacterium,0.0213152278159743,0.0018994714205568444
Cutibacterium,0.0,0.0
Cypionkella,0.0,0.0
DAIDJW01,0.0,0.0
DAOURC01,0.0670633418145962,0.005976239252221081
DMER64,7.152629069598562,0.6373947591291811
DRKV01,0.0,0.0
DRPN01,0.0,0.0
DSM-111022,0.0,0.0
DTU008,1.4406790092716506,0.12838373710727166
DTU010,9.881193999352373,0.8805463288870647
DTU015,10.605740126281548,0.945113063658049
DTU018,1.9532134111083477,0.17405739618078148
DTU024,0.0,0.0
DTU029,4.056674778452064,0.3615038915225054
DTU052,3.331329053102568,0.296865901855236
DTU053,0.1117480806032439,0.009958246153431605
DTU059,0.0,0.0
DTU063,1.8067891652033417,0.16100904066826344
DTU064,0.4030688892947774,0.03591882021346458
DTU073,0.0,0.0
DTU089,0.0,0.0
DTU098,2.463451959742442,0.2195264640774206
DULV01,1.706003660490486,0.15202770640989835
DUMP01,1.2231198169811062,0.10899630800714169
DUOU01,0.0,0.0
DUPH01,0.0,0.0
DUPI01,0.0,0.0
DUQW01,0.0,0.0
DUSS01,0.5729765643407702,0.05105986283658189
DUUA01,0.0,0.0
DUUS01,0.0,0.0
Defluviitoga,31.392174784988974,2.7974619529294573
Dehalobacterium,0.0,0.0
Deinococcus,0.0,0.0
Delta-02,0.0,0.0
Dermatophilus,0.0,0.0
Desulfamplus,0.0,0.0
Desulfobulbus,0.0,0.0
Desulfofundulus,0.0213152278159743,0.0018994714205568444
Desulfogranum,0.0,0.0
Desulfolucanica,0.0,0.0
Desulfomicrobium,0.0,0.0
Desulfopila,0.0,0.0
Desulfoprunum,0.0,0.0
Desulforapulum,0.0,0.0
Desulfosporosinus,10.563384396710159,0.9413386025773472
Desulfovibrio,0.0,0.0
Dethiobacter,2.771661320254308,0.2469920336174115
Dethiosulfovibrio,1.3870352489289604,0.12360336175581625
Devosia,0.1096937974465449,0.009775182093334778
Dietzia,0.0426304556319487,0.0037989428411136974
Dokdonella,0.0,0.0
Domibacillus,1.820582036147587,0.1622381696455474
Draconibacterium,0.0,0.0
Duganella,0.0213152278159743,0.0018994714205568444
Duodenibacillus,0.0,0.0
Dysgonomonas,0.0,0.0
Dysosmobacter,0.0768531468386919,0.006848641603096149
Dysosmobacter_A,0.0,0.0
E44-bin32,0.138099281730389,0.012306490041345665
Egerieisoma,0.0,0.0
Endomicrobium,1.1863913583314034,0.10572331190648869
Endomicrobium_A,0.45274046160666337,0.04034522057076414
Enterenecus,0.0,0.0
Enterocloster,0.0,0.0
Enterococcus,0.0727747398943719,0.006485201085405284
Enterococcus_A,0.0,0.0
Enterococcus_B,0.0,0.0
Enterococcus_E,0.0,0.0
Enterococcus_I,0.0,0.0
Enterocola,0.0,0.0
Enteromonas,0.0,0.0
Enterousia,1.9293264857912085,0.17192875217300418
Enterovirga,0.06394568344792301,0.005698414261670542
Entomohabitans,0.0,0.0
Eoetvoesia,0.7446847745416455,0.06636135718453812
Erysipelothrix,0.0,0.0
Estrella,0.036919057552173,0.0032899810079294947
Eubacterium,0.0,0.0
Eubacterium_B,0.199328660081687,0.017762845248095602
Eubacterium_G,0.0,0.0
Eubacterium_O,0.0,0.0
Eubacterium_T,0.0,0.0
Evansella,0.0213152278159743,0.0018994714205568444
Evtepia,0.0,0.0
Exiguobacterium,0.0563947919397546,0.005025529001268006
F0058,0.0,0.0
FB2012,0.0,0.0
FEN-1160,0.036919057552173,0.0032899810079294947
FUHM01,0.0,0.0
Facklamia,0.0,0.0
Faecalibacterium,0.0,0.0
Faecalimonas,0.0,0.0
Faeciplasma,0.0,0.0
Faecousia,0.0902927539843616,0.00804629005879689
Falsochrobactrum,0.0670633418145962,0.005976239252221081
Faunimonas,0.0689775261683873,0.006146818638240047
Fen-1087,0.0,0.0
Ferdinandcohnia,0.1360408679829835,0.01212305789046113
Fermentibacter,0.0,0.0
Ferruginibacter,0.0,0.0
Fibrobacter,0.0,0.0
Fimenecus,0.0940899677103463,0.008384672505962138
Fimimonas,0.7779897957041391,0.06932927929193342
Fimisoma,0.0825535223518858,0.007356621178413624
Fimivivens,0.0213152278159743,0.0018994714205568444
Firm-04,0.0,0.0
Firm-07,0.0,0.0
Firm-13,0.0,0.0
Firm-16,0.0951533429203204,0.008479433436415842
Flaviflexus,0.0,0.0
Flavipsychrobacter,0.0,0.0
Flavobacterium,0.1786713236149322,0.015922000731574827
Flexilinea,0.1065761390798718,0.009497357102784248
Fonticella,0.1778952053965136,0.0158528382348102
Fontisphaera,0.0,0.0
Formimonas,0.0,0.0
Fredericiella,0.0,0.0
Fructobacillus,0.0301442842624232,0.002686258244291587
Fundicoccus,0.0,0.0
Fundidesulfovibrio,0.0,0.0
Fusobacterium,0.0,0.0
Fusobacterium_B,0.0,0.0
GCA-002840305,0.0,0.0
GCA-002841655,0.0,0.0
GCA-013693735,0.4713150841345612,0.04200046746486169
GCA-016699895,0.0,0.0
GCA-2699445,0.2838468911462772,0.02529454820755894
GCA-2723275,0.0972076260770194,0.00866249749651267
GCA-2729495,2.040524720950013,0.1818379997552522
GCA-2746885,0.0,0.0
GWA2-32-17,0.0,0.0
GWC2-37-14,0.0,0.0
GWC2-73-18,0.0902927539843618,0.00804629005879691
GWE2-31-10,0.0,0.0
GWE2-42-24,0.0,0.0
GWF2-33-38,0.0,0.0
GWF2-43-63,0.0,0.0
Ga0077530,0.477608431692144,0.042561288767287604
Ga0077548,0.4263820758797479,0.03799633643907461
Gaiella,0.1877451441315331,0.016730599302293783
Galactobacter,0.0,0.0
Gallionella,0.0,0.0
Galliscardovia,3.5343446784853216,0.3149573049436898
Gaoshiqia,0.0,0.0
Garciella,0.1648104244480191,0.014686809531270587
Gemmatimonas,0.0,0.0
Gemmiger,0.0522114319003159,0.004652735761363797
Gemmobacter_B,0.0602885685248464,0.005372516488583174
Geobacillus,0.1648104244480189,0.01468680953127057
Geofilum,0.2363577821075973,0.02106263447032558
Geosporobacter,0.0,0.0
Gleimia,0.0,0.0
Globicatella,0.0,0.0
Glycomyces,0.0213152278159743,0.0018994714205568444
Gordonia,0.2991083618617173,0.026654549034663334
Gottfriedia,3.7337934483085813,0.33273085357358445
Gottschalkia_A,0.3114232794467369,0.027751972632534854
Gracilibacter,0.14189236486566711,0.012644504397723194
Granulicoccus,0.0,0.0
H1,0.047662298352413,0.0042473472176832025
HGM04593,0.0,0.0
HGM10857,0.0,0.0
HGM11604,0.0,0.0
HGM11616,4.679011506468472,0.4169624040486588
HGM12789,0.4349302603753469,0.03875809382150656
HGM13010,0.0,0.0
HGM13233,0.0,0.0
HGM16780,0.0,0.0
HGW-1,0.1261025883542486,0.011237424469731895
HK-STAS-PATE-36,0.1211889580687033,0.010799554399603853
HUN007,0.0,0.0
Haliovirga,0.0,0.0
Haloimpatiens,0.0426304556319487,0.0037989428411136974
Halopseudomonas,0.4452899638692126,0.039681281735890174
Halorubrum,0.0,0.0
Halothermothrix,0.0,0.0
Haploplasma,0.0,0.0
Hazenella,0.16728599962596152,0.01490741633597091
Heliomicrobium,8.965483839426058,0.7989443261634515
Heliorestis,0.0,0.0
Herbivorax,1.031165324518292,0.09189059956111899
Hoeflea,0.0,0.0
Holophaga,0.0,0.0
Holtiella,0.9749978865860628,0.08688533083777866
Hominibacterium,0.0,0.0
Hominimerdicola,0.2780598267437673,0.024778843494647006
Hominiventricola,0.0,0.0
Humidesulfovibrio,0.0,0.0
Humimicrobium,0.0865390762021778,0.007711787245559593
Hungateiclostridium,2.7092081301608153,0.2414266204428786
Hydrogenispora,0.28212980432813073,0.025141532843808528
Hydrogenophaga,0.0,0.0
Hymenobacter,0.0,0.0
Hyphomicrobium_B,0.143699963056333,0.012805585533363084
Hyphomicrobium_C,0.1400428481332563,0.012479687760275705
IOR16,0.0,0.0
Iamia,0.0301442842624232,0.002686258244291587
Ignatzschineria,0.0,0.0
Ignavigranum,0.0,0.0
Inordinaticella,0.6492725963280801,0.057858858067267475
Insulibacter,0.12217996881607021,0.010887866690156872
Intestinibacter,0.11250000042516231,0.010025252249946971
Iocasia,17.505012239274784,1.5599303348792464
Irregularibacter,0.0,0.0
Isobaculum,0.0,0.0
JAAEKA01,0.036919057552173,0.0032899810079294947
JAAEPJ01,0.0,0.0
JAAETH01,0.0778065826148362,0.00693360546197479
JAAFHB01,0.0,0.0
JAALLB01,0.0,0.0
JAAUQL01,0.0,0.0
JAAVLZ01,0.0,0.0
JAAXKN01,0.0514595120783975,0.004585729664848431
JAAYBJ01,0.0,0.0
JAAYCB01,0.0426304556319487,0.0037989428411136974
JAAYDE01,0.0,0.0
JAAYDF01,0.0,0.0
JAAYDH01,0.0,0.0
JAAYFB01,0.0,0.0
JAAYGU01,20.692722319854575,1.8439978685391254
JAAYHF01,0.0,0.0
JAAYJK01,0.036919057552173,0.0032899810079294947
JAAYLU01,0.2097824202282223,0.018694414866170187
JAAYOB01,0.0,0.0
JAAYPC01,0.0,0.0
JAAYSA01,0.0,0.0
JAAYTV01,0.0,0.0
JAAYYF01,0.0213152278159743,0.0018994714205568444
JAAYYZ01,0.0,0.0
JAAYZC01,0.0,0.0
JAAYZZ01,0.0,0.0
JAAZBK01,0.0689775261683874,0.006146818638240056
JAAZEB01,0.0426304556319486,0.0037989428411136887
JAAZFF01,0.2258509127947838,0.02012633211636912
JAAZGC01,0.0,0.0
JAAZIY01,0.0,0.0
JAAZJX01,0.0,0.0
JAAZKO01,0.047662298352413,0.0042473472176832025
JAAZKV01,0.0,0.0
JAAZPG01,0.0,0.0
JABDDC01,0.0301442842624232,0.002686258244291587
JABDGM01,0.9464178164911072,0.08433846496275411
JABDLZ01,0.0,0.0
JABHKC01,0.0,0.0
JABLXH01,0.0,0.0
JABMPJ01,0.0,0.0
JABWBD01,0.0,0.0
JABZIP01,0.0,0.0
JACADU01,0.0,0.0
JACADW01,2.2768252243071907,0.20289552992407245
JACCES01,0.0,0.0
JACCXM01,0.4213375397662916,0.03754680091169469
JACCZE01,0.0,0.0
JACDBR01,0.0213152278159743,0.0018994714205568444
JACDHD01,0.0602885685248464,0.005372516488583174
JACDHN01,0.0852609112638975,0.0075978856822274034
JACIWR01,0.1516446977191822,0.013513567477833782
JACIYF01,0.0426304556319487,0.0037989428411136974
JACIYH01,19.74708914537195,1.759729325656649
JACKGS01,0.0213152278159743,0.0018994714205568444
JACPDT01,0.036919057552173,0.0032899810079294947
JACPZP01,0.0563947919397546,0.005025529001268006
JACQFH01,0.0,0.0
JACQVT01,0.0514595120783975,0.004585729664848431
JACRCQ01,0.0,0.0
JACRDC01,2.4247453828939802,0.2160771912314536
JACRNE01,0.0213152278159743,0.0018994714205568444
JACRTK01,0.0522114319003159,0.004652735761363797
JADFNB01,0.14189236486566711,0.012644504397723194
JADFRG01,0.0951533429203203,0.008479433436415834
JADGNF01,0.0,0.0
JADGQX01,3.1638378763339188,0.281940201496122
JADIYW01,0.0,0.0
JADJYJ01,0.0426304556319487,0.0037989428411136974
JADKAV01,0.2635681626976383,0.023487442721003664
JADKCL01,0.0,0.0
JADLGH01,0.0213152278159743,0.0018994714205568444
JADLGL01,0.0825535223518858,0.007356621178413624
JADMJV01,0.0602885685248464,0.005372516488583174
JADZEM01,0.2035446742314424,0.01813854840525924
JAEDJI01,0.0,0.0
JAEKNW01,0.0,0.0
JAERMQ01,0.0,0.0
JAEUJM01,0.0768531468386919,0.006848641603096149
JAEUMG01,0.25514969914384866,0.02273724520665015
JAEVLT01,0.5024775419540708,0.0447774585687572
JAEWAH01,0.0426304556319487,0.0037989428411136974
JAEWRY01,0.0,0.0
JAEWVQ01,0.0,0.0
JAEXNA01,0.0,0.0
JAEYRA01,0.0,0.0
JAEZLB01,0.0,0.0
JAEZOU01,0.0,0.0
JAEZWM01,0.0,0.0
JAFAFN01,0.0426304556319487,0.0037989428411136974
JAFAFZ01,2.1728760568156904,0.19363227106775344
JAFAZJ01,0.0,0.0
JAFBAD01,0.0213152278159743,0.0018994714205568444
JAFCGC01,0.0,0.0
JAFGFN01,0.0,0.0
JAFGOL01,0.0,0.0
JAFKKF01,0.08160379634082071,0.007271987909140018
JAFMJV01,0.12379946068361,0.011032185040623232
JAFNAG01,0.0,0.0
JAFUXM01,0.0,0.0
JAGNGI01,0.0,0.0
JAGOAJ01,0.111607981800336,0.009945761479353745
JAGOCV01,0.4585956148362803,0.04086699290736115
JAGONC01,0.0,0.0
JAGOOV01,0.0,0.0
JAGOPY01,0.0,0.0
JAGRNP01,0.0,0.0
JAGUVT01,0.1161571153482389,0.010351150023034338
JAGUWJ01,0.0,0.0
JAGVVH01,0.0,0.0
JAHBXR01,0.20308233786387092,0.018097348061332914
JAHBXU01,0.1299214516560448,0.011577736183188648
JAHFOQ01,0.0301442842624232,0.002686258244291587
JAHFTW01,0.0,0.0
JAHHTG01,0.0,0.0
JAHIVH01,0.0,0.0
JAHJQK01,0.0,0.0
JAHWKR01,0.0,0.0
JAIBBY01,0.1278913668958462,0.011396828523341103
JAIEPT01,0.0301442842624232,0.002686258244291587
JAILZP01,0.7726914758588863,0.06885712824527726
JAIMBI01,0.0689775261683873,0.006146818638240047
JAIOUP01,2.5840257940195226,0.23027120273344526
JAIRNI01,0.0,0.0
JAIRNN01,0.0,0.0
JAIRYT01,0.0,0.0
JAISFT01,0.0,0.0
JAISZG01,0.0301442842624232,0.002686258244291587
JAITLA01,0.1824272526046147,0.016256704157460625
JAITQC01,0.0,0.0
JAIZZN01,0.0904328527872696,0.00805877473287476
JAJDGJ01,0.0,0.0
JAJDVC01,0.0,0.0
JAJGRE01,0.1340130344302834,0.011942350843262063
JAJMZJ01,0.0,0.0
JAJPJW01,0.0,0.0
JAJUJL01,0.2864032210228379,0.02552235133422332
JAJYRX01,0.740139062930947,0.06595627358115554
JAKAWJ01,0.0213152278159743,0.0018994714205568444
JAKBAT01,0.0213152278159743,0.0018994714205568444
JAKIU001,0.0,0.0
JAKJBL01,0.0904328527872696,0.00805877473287476
JAKJEI01,0.0,0.0
JAKJGY01,0.0,0.0
JAKOSX01,15.138575355970273,1.3490492095543811
JAKPGM01,0.0,0.0
JAKPKF01,0.0,0.0
JAKQDP01,0.0,0.0
JAKQQT01,0.0,0.0
JAKQTP01,0.0,0.0
JAKSBQ01,0.0,0.0
JAKSCF01,1.427075308573442,0.12717146572489915
JAKVON01,0.036919057552173,0.0032899810079294947
JALCRY01,0.0,0.0
JALHET01,0.0,0.0
JALHFC01,1.5953800063601853,0.14216966166966827
JALHLM01,0.1039823993667692,0.009266220260150579
JALHQU01,0.2205256610284625,0.019651781075923913
JALNWK01,0.0,0.0
JALNZU01,0.0563947919397546,0.005025529001268006
JALOAF01,0.0,0.0
JALOAP01,0.1185228538929937,0.010561968917069514
JALRHZ01,0.0,0.0
JALZND01,0.0,0.0
JAMDDA01,0.0,0.0
JAMLHN01,0.8748678288476724,0.07796240565701933
JAMLIA01,0.0,0.0
JAMPCJ01,0.0,0.0
JAMPXD01,0.0,0.0
JAMPXM01,0.333973136257191,0.029761465982495974
JANJUO01,0.0,0.0
JANKMX01,0.0,0.0
JANLFZ01,0.0,0.0
JANQMY01,0.0,0.0
JANXAQ01,0.0,0.0
JANXQG01,0.0852609112638974,0.007597885682227395
JANZZA01,0.1203404753876777,0.010723943262938556
JAOADN01,0.0,0.0
JAOAGT01,0.0,0.0
JAPLVK01,0.0,0.0
JAPLVO01,0.0795495131841217,0.007088923849043193
JAPPHA01,0.0,0.0
JAPUDS01,0.0,0.0
JAQSXR01,0.0,0.0
JAQULY01,0.0,0.0
JAQVCS01,0.0,0.0
JAQVDA01,0.0,0.0
JAQVKF01,0.0,0.0
JAQVQN01,0.036919057552173,0.0032899810079294947
JAQWCH01,0.0,0.0
JARXWG01,0.0,0.0
JASBRU01,0.0,0.0
JASGTU01,0.0,0.0
JASJCT01,0.0,0.0
JAUHXR01,0.0213152278159743,0.0018994714205568444
JAUIIK01,0.0514595120783975,0.004585729664848431
JAUPVL01,0.0213152278159743,0.0018994714205568444
JAUVAN01,0.0,0.0
JAUWZS01,0.0,0.0
JG1575,0.0706946129865336,0.006299834001990439
JGM124,0.0,0.0
JJ008,0.0426304556319487,0.0037989428411136974
Janibacter,0.3037328949885203,0.027066656687634208
Jeotgalibaca,0.0,0.0
Jeotgalicoccus,0.0,0.0
KBS-96,0.08160379634082071,0.007271987909140018
KLAP22,0.0514595120783975,0.004585729664848431
Kaistella,0.0,0.0
Kaistia,0.0823557161627391,0.007338994005655384
Keratinibaculum,1.1726979643256559,0.10450304765274009
Kluyvera,0.0,0.0
Kocuria,0.0,0.0
Koleobacter,2.2646629322291703,0.20181170729688236
Kroppenstedtia,0.4559093840255061,0.04062761387289167
Ktedonobacter,0.0,0.0
L1I39,0.13135035219177849,0.011705070301025775
LB-PLM-3,0.2924059530345746,0.026057274910926104
LD21,0.0,0.0
Laceyella,1.3027829793641363,0.11609535951736495
Lachnoanaerobaculum,0.0522114319003159,0.004652735761363797
Lachnospira,0.2798088820316324,0.024934707675924195
Lachnotalea,0.0,0.0
Lacipirellula,0.1531994925332259,0.013652120456934135
Lacrimispora,2.5803780617751912,0.22994614108232098
Lacticaseibacillus,0.0,0.0
Lactobacillus,0.138099281730389,0.012306490041345665
Lactococcus,0.0,0.0
Lactococcus_A,0.0,0.0
Lawsonella,0.0,0.0
Lederbergia_A,0.6909008086547946,0.06156848764693389
Legionella,0.1542384374322848,0.01374470432046745
Lenti-01,0.0,0.0
Lentihominibacter,0.5785553076963199,0.05155700336249955
Lentilactobacillus,0.1680027737400906,0.01497129048062175
Lentimicrobium,0.0,0.0
Lentzea,1.741411815492464,0.15518304582552964
Leptolinea,0.0,0.0
Leucobacter,0.3990350941230859,0.03555935520041575
Leuconostoc,0.2126128216033399,0.01894664142303164
Leuconostoc_B,0.0,0.0
Levilinea,0.0426304556319487,0.0037989428411136974
Ligilactobacillus,0.0426304556319486,0.0037989428411136887
Limimorpha,0.0,0.0
Limnochorda,0.5102206905031321,0.04546747649871081
Limnohabitans,0.0,0.0
Limosilactobacillus,3.3673614026524143,0.30007686533994965
Listeria,0.25535923705143204,0.02275591783217469
Lucifera,0.7467191920911045,0.06654265095376447
Luteibacter,0.0213152278159743,0.0018994714205568444
Luteimonas_C,0.0563947919397546,0.005025529001268006
Luteimonas_D,0.0976786449219308,0.008704471565107065
Luteolibacter,0.0,0.0
Lutispora,2.2443267546665377,0.19999948232715245
Lysinibacillus,0.0,0.0
Lysinibacillus_B,0.0639456834479231,0.005698414261670551
Lysobacter_C,0.0,0.0
M0108,0.3583469317513121,0.031933496624217926
M3007,0.0,0.0
M55B127,3.0348524875899057,0.2704458810176398
MFBS3-17,0.0,0.0
MGBC100798,0.0,0.0
MGBC108787,0.0,0.0
MGBC119817,0.0,0.0
MGIIb-O1,0.0,0.0
MH13,0.1566074264471018,0.01395581287478868
MKRK01,0.036919057552173,0.0032899810079294947
MT110,0.0,0.0
MVZH01,0.0,0.0
MWBF01,0.0213152278159743,0.0018994714205568444
MWBV01,0.0,0.0
MWEH01,0.0,0.0
MWFF01,0.0,0.0
Macellibacteroides,0.1544323522850382,0.013761984723192048
Mahella,4.6867163918589725,0.4176490122202569
Mangrovibacterium,0.0,0.0
Maridesulfovibrio,0.0,0.0
Mariniphaga,1.6138926500283468,0.14381938541975983
Mariniplasma,0.0,0.0
Marinitenerispora,0.5511662463900318,0.049116272274080934
Marinobacter,0.0426304556319487,0.0037989428411136974
Marinobacterium_D,0.0,0.0
Marinospirillum,0.0,0.0
Marmoricola,0.0,0.0
Marseille-P3160,0.0,0.0
Megasphaera,0.0,0.0
Melghirimyces,0.0213152278159743,0.0018994714205568444
Merdivicinus,0.0,0.0
Merdousia,0.0,0.0
Mesorhizobium,1.0230536862302517,0.09116774427498033
Mesotoga,3.1182470639343296,0.2778774513373792
Methanobacterium,0.546221184248904,0.04867560120591105
Methanobacterium_A,0.0,0.0
Methanobacterium_C,0.0,0.0
Methanobacterium_D,0.0301442842624232,0.002686258244291587
Methanobrevibacter,0.0,0.0
Methanobrevibacter_A,0.0,0.0
Methanobrevibacter_B,0.0,0.0
Methanobrevibacter_D,0.0,0.0
Methanocella_A,0.0,0.0
Methanocorpusculum,0.0,0.0
Methanocrinis,0.0,0.0
Methanoculleus,2.5441667622648927,0.22671923076661285
Methanoculleus_A,0.0,0.0
Methanofastidiosum,0.0,0.0
Methanofollis,0.0,0.0
Methanogenium,0.0,0.0
Methanogranum,0.30698405079128777,0.027356378082331486
Methanolinea_A,0.0,0.0
Methanomethylophilus,0.0,0.0
Methanomethylovorans,0.0,0.0
Methanomicrobium,0.0,0.0
Methanoregula,0.0,0.0
Methanosarcina,4.043446692272652,0.36032509240933686
Methanosphaera,0.0,0.0
Methanosphaerula,0.0,0.0
Methanospirillum,0.0,0.0
Methanothermobacter,66.45720077396652,5.922223991702037
Methanothermobacter_A,0.5565822498853026,0.04959891050538303
Methanothrix,1.610422666189788,0.14351016352506366
Methanothrix_B,0.0852609112638975,0.0075978856822274034
Methylobacterium,0.0,0.0
Methyloceanibacter,0.1276932372687018,0.011379172527938401
Methylocystis,0.0213152278159743,0.0018994714205568444
Methyloversatilis,0.0522114319003159,0.004652735761363797
Microbacterium,2.4716368230159853,0.22025584468754056
Micropruina,0.19475657908329802,0.017355411780159483
Microthrix,0.0777100197557289,0.00692500042182485
Microvirga,0.0823557161627391,0.007338994005655384
Miltoncostaea,0.27301957723599246,0.02432968996107233
Miniphocaeibacter,0.0,0.0
MnB-11,0.0,0.0
Mobilitalea,0.6744291086534294,0.06010063923026664
Mogibacterium,0.0,0.0
Monoglobus,0.036919057552173,0.0032899810079294947
Moorella,8.4054372753545,0.7490366990050993
Mt11,0.1794232434368506,0.01598900682809019
Muribaculum,0.0,0.0
Mycobacterium,3.61674440063793,0.3223002204706544
NK4A136,0.0,0.0
NORP181,0.0,0.0
Naasia,0.39237397003224533,0.03496576009795795
Nakamurella,0.0,0.0
Nanosyncoccus,0.0,0.0
Natranaerobius,0.0,0.0
Natronomonas,0.0,0.0
Neofamilia,0.0,0.0
Neorhizobium,0.1029190241567951,0.009171459329696872
Neoroseomonas,0.189995230452585,0.016931112038893338
Nitrosocosmicus,0.110035124375804,0.009805598880468913
Nitrosomonas,0.0,0.0
Nitrosopolaris,0.0,0.0
Nitrososphaera,0.0213152278159743,0.0018994714205568444
Nitrosotalea,0.0,0.0
Nitrosotenuis,0.0,0.0
Niveibacterium,0.0,0.0
Nocardia,0.0,0.0
Nocardioides,0.6045765447535696,0.053875843045777
Nocardiopsis,0.1234581337543508,0.011001768253489088
Nocardiopsis_A,0.0727747398943718,0.006485201085405276
Nodosilinea,0.0,0.0
Novosphingobium,0.1224466615140947,0.010911632570697407
Nucleicultrix,0.0,0.0
Numidum,0.0213152278159743,0.0018994714205568444
OLB9,0.0,0.0
Oceanipulchritudo,0.0,0.0
Oceanobacillus,0.5871308725535405,0.05232120070076184
Ochrobactrum,0.1892433106306664,0.016864105942377954
Ochrobactrum_A,0.5208194505608628,0.04641196754505614
Odoribacter,0.0,0.0
Olegusella,0.0,0.0
Oleiliquidispirillum,0.0301442842624232,0.002686258244291587
Oligella,0.1154051955263204,0.010284143926518963
Oligosphaera,0.0,0.0
Olsenella,0.0,0.0
Onthenecus,0.0,0.0
Onthovivens,0.0,0.0
Ornithinicoccus,0.0,0.0
Oscillibacter,0.0,0.0
Otoolea,1.3970854068393366,0.12449896502534999
Ottowia,0.0,0.0
Oxobacter,1.7676760624818608,0.15752354093867207
PALSA-555,0.036919057552173,0.0032899810079294947
PALSA-968,0.0426304556319486,0.0037989428411136887
PH28-bin88,0.0,0.0
PHAA01,0.2777689356492426,0.024752921213857207
PHBP01,0.0,0.0
PHOS-HE28,0.0,0.0
PLanc-01,0.0,0.0
PNKE01,0.0,0.0
PNOF01,0.0,0.0
PRDV01,0.0602885685248464,0.005372516488583174
PSRF01,0.0,0.0
PWYM01,0.40530676743679217,0.036118245038296165
Paenalcaligenes,0.185446096904682,0.016525723495212735
Paenibacillus,0.23693205858707841,0.02111381017295893
Paenibacillus_A,0.036919057552173,0.0032899810079294947
Paenibacillus_AE,0.0213152278159743,0.0018994714205568444
Paenibacillus_AK,0.0213152278159743,0.0018994714205568444
Paenibacillus_B,0.0,0.0
Paenibacillus_D,0.0,0.0
Paenibacillus_E,0.0213152278159743,0.0018994714205568444
Paenibacillus_G,0.324989456695283,0.02896090017449197
Paenibacillus_V,0.0,0.0
Paeniglutamicibacter,0.1946164802803901,0.01734292710608162
Paenirhodobacter,0.0,0.0
Paenisporosarcina,0.047662298352413,0.0042473472176832025
Palauibacter,0.0426304556319486,0.0037989428411136887
Palsa-465,0.1881557370241922,0.016767188611674994
Paludibacter,0.0,0.0
Pan216,0.1475477598252255,0.01314847560508659
Parabacteroides,0.0,0.0
Paracholeplasma,0.0,0.0
Parachristensenella,0.0,0.0
Paraclostridium,0.0823557161627391,0.007338994005655384
Paracoccus,0.0213152278159743,0.0018994714205568444
Parafannyhessea,0.0,0.0
Parageobacillus,0.0213152278159743,0.0018994714205568444
Paralactobacillus,0.0,0.0
Parapusillimonas,0.0,0.0
Pararcticibacter,0.0,0.0
Paratissierella,0.12423425197276941,0.011070930750253716
Parvibacillus,0.0,0.0
Parvimonas,1.2353583913627397,0.11008692840618103
Patulibacter,0.0301442842624232,0.002686258244291587
Paucisalibacillus,0.0,0.0
Pauljensenia,0.0,0.0
PeH17,0.0,0.0
Pedobacter,0.0,0.0
Pedococcus,0.0,0.0
Pedosphaera,0.0,0.0
Pelagibacterium,0.0797542796084099,0.007107171271692532
Pelethomonas,0.0,0.0
Pelobium,0.0,0.0
Pelolinea,0.047662298352413,0.0042473472176832025
Pelosinus,0.0,0.0
Pelotomaculum,0.0972076260770194,0.00866249749651267
Pelotomaculum_C,0.9565454756301022,0.08524097462663137
Peptostreptococcus,0.0,0.0
Perlabentimonas,0.2233601929942865,0.01990437572357307
Petralouisia,0.0,0.0
Petrimonas,0.523704771282061,0.04666908814899119
Petroclostridium,0.2989371080772112,0.02663928803571272
Phaeovulum,0.0213152278159743,0.0018994714205568444
Phascolarctobacterium,0.0768531468386919,0.006848641603096149
Phascolarctobacterium_A,0.0,0.0
Phenylobacterium,0.5628357271083825,0.05015617882861631
Phil1,0.0213152278159743,0.0018994714205568444
Phocaeicola,0.0,0.0
Phosphoribacter,0.0602885685248464,0.005372516488583174
Pirellula,0.0213152278159743,0.0018994714205568444
Piscicoccus,0.0213152278159743,0.0018994714205568444
Planifilum,5.911835064687112,0.5268234449740835
Plantactinospora,0.0727747398943718,0.006485201085405276
Pluralibacter,0.12150041345675901,0.010827309233542195
Polynucleobacter,0.0,0.0
Pontibacillus,0.2102470830585853,0.018735822528996488
Porcipelethomonas,0.0,0.0
Porphyromonas,0.0,0.0
Prevotella,1.062376527034187,0.09467193446835018
Pristimantibacillus,0.3463603155041757,0.030865329059358272
Prolixibacter,0.0,0.0
Promineifilum,0.23088275551524828,0.02057473649293864
Propioniciclava,0.1910350883742113,0.017023777264928996
Propionicimonas,0.5903966126960787,0.052612221754877335
Propionivibrio,0.0,0.0
Prosthecobacter,0.047662298352413,0.0042473472176832025
Proteiniborus,0.0940899677103463,0.008384672505962138
Proteiniclasticum,0.0,0.0
Proteiniphilum,8.678521305212605,0.7733721325554375
Pseudidiomarina,0.0,0.0
Pseudobutyricicoccus,2.0405672327463327,0.18184178812396412
Pseudochelatococcus,0.036919057552173,0.0032899810079294947
Pseudoclostridium,1.1186266134831377,0.09968456827813571
Pseudomonas_E,0.1863304186882817,0.01660452837447678
Pseudomonas_M,0.0301442842624232,0.002686258244291587
Pseudonocardia,0.0735266597162903,0.00655220718192065
Pseudorhodoplanes,0.506179755729393,0.045107375251784446
Psychrobacter,1.836703168897972,0.16367477783902917
Pullulanibacillus,0.12043703824678481,0.01073254830308848
Pygmaiobacter,0.0,0.0
Pyramidobacter,3.7541408633552957,0.3345440799532001
QAKW01,0.16813284923898042,0.01498288194447046
QALR01,0.0,0.0
QANA01,0.0,0.0
QEUY01,0.0,0.0
QKMZ01,0.0,0.0
QVMG01,0.0,0.0
QYOJ01,0.0,0.0
Quisquiliibacterium,0.0,0.0
R2A130,0.0,0.0
RBG-16-49-21,0.0,0.0
RCIZ01,0.0,0.0
RF16,0.8292802515120203,0.07389994378567113
RFSX01,0.0,0.0
RGIG10190,0.0,0.0
RGIG1681,0.0,0.0
RGIG3456,0.0,0.0
RGIG4266,0.0,0.0
RGIG446,0.0,0.0
RGIG4465,0.0,0.0
RGIG529,0.0,0.0
RGIG6353,0.0301442842624232,0.002686258244291587
RGIG8124,0.0,0.0
RHKX01,0.1838113699005775,0.016380047490643743
RPRB01,0.0,0.0
RSA17,2.07309236934101,0.18474021210257144
RUG11247,0.0426304556319487,0.0037989428411136974
RUG11257,0.0,0.0
RUG13615,0.0,0.0
RUG14515,0.0,0.0
RUG563,0.0522114319003159,0.004652735761363797
RUG666,0.1551304560571109,0.01382419509106066
RUG695,0.0,0.0
RUG721,0.0,0.0
RUG754,0.0,0.0
RUG806,0.0,0.0
RZYC01,0.2900580094831231,0.025848041788410728
RZYY01,0.16016229877757532,0.014272599467630176
Raineyella,0.0670633418145962,0.005976239252221081
Rathayibacter,0.0,0.0
Rectinema,0.0,0.0
Reyranella,0.0,0.0
Rhabdaerophilum,0.37773872922947915,0.033661564718118375
Rhizomicrobium,0.0,0.0
Rhodococcus,0.5203413715106077,0.046369364317890724
Rhodoferax,0.0213152278159743,0.0018994714205568444
Rhodoglobus,0.0301442842624232,0.002686258244291587
Rhodosalinus,0.0301442842624232,0.002686258244291587
Rhodovarius,0.0213152278159743,0.0018994714205568444
Robinsoniella,0.0,0.0
Romboutsia_A,0.6281688062749139,0.05597822857470445
Roseicyclus,0.2776218802612372,0.024739816615155907
Roseinatronobacter,0.3851889272878341,0.03432547684758329
Rossellomorea,0.0,0.0
Rothia,0.0,0.0
Rubrivivax,0.0,0.0
RumEn-M2,0.0,0.0
Ruminiclostridium,2.5901805704908947,0.23081967550175067
Ruminiclostridium_D,1.3955521968304228,0.1243623355406085
Ruminococcus,0.367815642123058,0.03277728515399299
Ruminococcus_E,0.0,0.0
Ruminococcus_G,0.0,0.0
Rummeliibacillus,0.0,0.0
Ruoffia,0.0,0.0
S145-28,0.0301442842624232,0.002686258244291587
SB21,0.0,0.0
SCMT01,0.0213152278159743,0.0018994714205568444
SFEB01,0.0,0.0
SFFI01,0.0,0.0
SFLA01,0.0,0.0
SFMI01,0.2588585371873897,0.023067752200429528
SHND01,0.047662298352413,0.0042473472176832025
SHVA01,0.0522114319003159,0.004652735761363797
SHVZ01,0.0582342853681473,0.00518945242848634
SIBE01,0.0,0.0
SIG204,0.0,0.0
SIG37,0.0,0.0
SIG424,2.714880429233709,0.24193209803246074
SIG435,5.336768712399838,0.47557735412653795
SIG459,0.0,0.0
SIG502,0.0,0.0
SIG636,0.0,0.0
SKLG01,0.0823557161627391,0.007338994005655384
SKMY01,0.3503966201556089,0.031225017700561176
SKVR01,0.0,0.0
SKW16,5.225063669845879,0.4656229432379845
SM1-50,0.0,0.0
SM23-62,0.0,0.0
SR-FBR-E99,0.047662298352413,0.0042473472176832025
STC-113,0.0,0.0
SXXK01,0.0,0.0
SYFN01,0.0852609112638975,0.0075978856822274034
SYHX01,0.0,0.0
SZUA-378,0.0,0.0
SZUA-444,0.0,0.0
Saccharofermentans,0.0,0.0
Saccharomonospora,2.948242493429995,0.26272777403507896
Saccharopolyspora,0.3425584716558847,0.030526534006469534
Salinicoccus,0.0,0.0
Salinigranum,0.0,0.0
Sanguibacter,0.0,0.0
Sarcina,0.1417522660627593,0.012632019723645343
Savagea,0.0,0.0
SbD1,0.0,0.0
Scatomorpha,0.304648506156987,0.027148249868896936
Scrofimicrobium,0.0998737302527289,0.008900082979047
Scybalousia,0.0,0.0
Secundilactobacillus,0.1229060448868495,0.010952569763354236
Sedimentibacter,0.544225482721636,0.048497757551236795
Serinicoccus,0.496321411092411,0.04422886510619203
Serratia,0.0,0.0
Shouchella,0.10795086687725941,0.009619863706266378
Siccibacter,0.1076136705387066,0.009589815009919934
Siculibacillus,0.0602885685248464,0.005372516488583174
Sideroxyarcus,0.0,0.0
Siminovitchia,0.0514595120783975,0.004585729664848431
Sinanaerobacter,0.0,0.0
Skermania,0.0582342853681473,0.00518945242848634
Soehngenia,0.0902927539843617,0.008046290058796902
Solibacillus,0.150721421312116,0.013431291221457933
Solidesulfovibrio,0.0,0.0
Sphaerobacter,7.174181745937054,0.6393153903837435
Sphaerochaeta,2.227941520445513,0.19853933916609076
Sphingobacterium,0.0,0.0
Sphingomonas,0.0,0.0
Spirillospora,0.6476631621261418,0.05771543598910619
Spirosoma,0.0213152278159743,0.0018994714205568444
Sporanaerobacter,0.0,0.0
Sporobacter,0.0,0.0
Sporomusa,0.1203404753876776,0.010723943262938547
Sporosarcina,1.023422107197133,0.09120057550265316
Sporotomaculum,0.0,0.0
Staphylococcus,0.0,0.0
Stenotrophomonas,0.0213152278159743,0.0018994714205568444
Streptacidiphilus,0.0,0.0
Streptococcus,0.2401932376938641,0.021404424777885372
Streptomyces,0.551616517140601,0.04915639741042022
Stutzerimonas,0.0,0.0
Succinivibrio,0.0,0.0
Suicoccus,0.0,0.0
Sulfurimonas,0.0,0.0
Sulfurospirillum,0.0,0.0
Sulfurospirillum_B,0.0,0.0
Sulfurovum,0.047662298352413,0.0042473472176832025
Sunxiuqinia,0.0,0.0
Sutterella,0.0,0.0
Symbiobacterium,7.036591832063826,0.6270542918200579
Syner-03,1.1402616108070927,0.10161253543173462
Synergistes,0.6529048985646758,0.0581825446986657
Syntrophaceticus,35.10344744291038,3.1281859033595185
Syntrophobacter,0.686995428679007,0.06122046614256768
Syntrophomonas,2.63148672261923,0.2345006052172729
Syntrophomonas_B,0.0,0.0
Syntrophorhabdus,0.0,0.0
Syntrophosphaera,2.908322171441727,0.2591703402900211
Syntrophotalea,0.0,0.0
Syntrophothermus,0.6727599849482986,0.05995189802033719
Syntrophus,0.0,0.0
T3Sed10-213,0.0,0.0
T78,1.5508327305345455,0.13819990455400416
TA-13,0.0,0.0
TA-20,0.0,0.0
TA-21,0.0,0.0
TTA-H9,1.5839831338468235,0.1411540481463337
Tabrizicola,0.1234581337543508,0.011001768253489088
Tatlockia,0.0639456834479231,0.005698414261670551
Tener-01,0.036919057552173,0.0032899810079294947
Tepidanaerobacter,5.328054720789437,0.47480082111615535
Tepidibacter,0.0,0.0
Teretinema,0.2183242196831156,0.019455603256215846
Termiticorpusculum,0.0,0.0
Terribacillus,6.71013765770884,0.5979628657437172
Terrisporobacter,0.1972901850854769,0.017581189906184645
Thalassospira,0.2233244500115792,0.01990119054653794
Thauera,0.0,0.0
Thermacetogenium,3.282606562338205,0.29252407733690283
Thermaerobacter,3.2264818141082943,0.28752261283607455
Thermanaerosceptrum,0.0,0.0
Thermoactinomyces,7.309253740364251,0.6513521087030192
Thermoanaerobacter,0.047662298352413,0.0042473472176832025
Thermoanaerobacterium,0.4709083493277924,0.04196422196245031
Thermobacillus,0.7782160030753911,0.06934943738925811
Thermobifida,0.0,0.0
Thermobispora,0.0,0.0
Thermoclostridium,1.6369423510959793,0.14587342156745398
Thermoclostridium_A,2.4273620979242225,0.21631037548163373
Thermodesulfitimonas,10.33513324810756,0.9209983774001624
Thermodesulfovibrio,0.1223847352403586,0.01090611411280623
Thermoflavimicrobium,3.284273484307841,0.2926726223428
Thermogutta,0.517261327760327,0.046094891291928584
Thermomonospora,0.2058380483135901,0.018342918659393734
Thermopolyspora,0.0940899677103462,0.008384672505962127
Thermosinus,0.0689775261683873,0.006146818638240047
Thermostaphylospora,0.0727747398943718,0.006485201085405276
Thermosynergistes,0.5011177536398506,0.04465628327271214
Thermovirga,33.866086560858236,3.0179205262936613
Thiobacillus,0.0213152278159743,0.0018994714205568444
Thioglobus_C,0.0,0.0
Thiomicrorhabdus,0.0,0.0
Thiomicrospira,0.0,0.0
Thiopseudomonas,0.4636330081143863,0.0413158919127331
Tidjanibacter,0.0,0.0
Tissierella,1.667009343705061,0.1485527920933577
Tissierella_A,0.0,0.0
Traorella,0.0,0.0
Treponema_D,0.0,0.0
Treponema_F,0.0,0.0
Trichococcus,0.1532481353384194,0.013656455180404065
Trueperella,0.0,0.0
Tumebacillus,2.215268733291399,0.197410024610982
Turicibacter,0.0213152278159743,0.0018994714205568444
UBA10281,0.036919057552173,0.0032899810079294947
UBA10511,0.0,0.0
UBA10518,0.0,0.0
UBA10566,0.0,0.0
UBA1062,0.4890181163512663,0.04357804402388996
UBA10649,0.1008388972489568,0.008986092246282027
UBA1067,0.0,0.0
UBA10799,0.036919057552173,0.0032899810079294947
UBA11358,0.108686762570329,0.009685441838931184
UBA11452,0.0,0.0
UBA1179,0.0,0.0
UBA11865,1.4233811582271512,0.12684226760106954
UBA1217,0.0,0.0
UBA12396,0.0,0.0
UBA12465,0.0,0.0
UBA12481,0.0,0.0
UBA12545,2.220735275003167,0.1978971664722106
UBA1258,3.8261214672657595,0.3409585129183445
UBA1361,0.0,0.0
UBA1362,0.0,0.0
UBA1367,0.0,0.0
UBA1384,0.0,0.0
UBA1412,0.4073054092712951,0.03629635071360696
UBA1413,0.0,0.0
UBA1425,0.0,0.0
UBA1429,0.0213152278159743,0.0018994714205568444
UBA1444,0.24114328714292682,0.02148908686980343
UBA1535,0.0,0.0
UBA1547,0.0,0.0
UBA1685,0.036919057552173,0.0032899810079294947
UBA1711,0.0,0.0
UBA1712,0.0,0.0
UBA1752,0.0,0.0
UBA1829,0.0,0.0
UBA183,0.0,0.0
UBA1876,0.9390478302582164,0.08368170077800623
UBA2192,0.0891304894524889,0.007942716769293293
UBA2199,0.0301442842624232,0.002686258244291587
UBA2212,0.0,0.0
UBA2214,0.0,0.0
UBA2224,0.0213152278159743,0.0018994714205568444
UBA2227,0.0,0.0
UBA2253,1.1226842075259238,0.10004615408838531
UBA2256,21.76478662174406,1.9395331131079026
UBA2259,0.0301442842624232,0.002686258244291587
UBA2284,0.0,0.0
UBA2632,1.6826340232984112,0.1499451596814106
UBA2658,0.0,0.0
UBA288,0.0,0.0
UBA3006,0.2364119750718752,0.02106746378708118
UBA3103,0.0,0.0
UBA3207,0.0,0.0
UBA3254,0.0,0.0
UBA3263,0.0,0.0
UBA3291,0.0,0.0
UBA3534,0.0891304894524889,0.007942716769293293
UBA3583,0.2336501955128925,0.02082135235034419
UBA3700,1.353256110817473,0.12059318949738382
UBA3775,0.0,0.0
UBA3792,0.0602885685248464,0.005372516488583174
UBA3946,4.0785759131363,0.36345557506863646
UBA4053,8.854319640036877,0.7890381116227564
UBA4179,5.037765768116845,0.4489321992057794
UBA4334,0.0,0.0
UBA4372,0.0,0.0
UBA4417,0.0,0.0
UBA4644,0.0,0.0
UBA472,0.0,0.0
UBA4782,0.0,0.0
UBA4810,0.0,0.0
UBA4923,0.0426304556319486,0.0037989428411136887
UBA4971,83.27786001672243,7.421169336428569
UBA5026,0.0,0.0
UBA5066,0.0301442842624232,0.002686258244291587
UBA5072,0.0,0.0
UBA5124,0.0,0.0
UBA5150,0.08160379634082071,0.007271987909140018
UBA5189,0.0213152278159743,0.0018994714205568444
UBA5232,0.0,0.0
UBA5272,0.0,0.0
UBA5348,0.0,0.0
UBA5352,0.0,0.0
UBA5429,0.0,0.0
UBA5435,0.0,0.0
UBA5453,0.0,0.0
UBA5456,0.0,0.0
UBA5734,0.0,0.0
UBA5738,0.0,0.0
UBA5767,0.0,0.0
UBA5851,0.0,0.0
UBA5905,0.0,0.0
UBA6,0.0426304556319487,0.0037989428411136974
UBA6016,0.0,0.0
UBA6024,0.0,0.0
UBA6082,0.0,0.0
UBA6107,0.0,0.0
UBA6115,0.1470533194325805,0.01310441436384129
UBA6163,0.0213152278159743,0.0018994714205568444
UBA6170,0.0,0.0
UBA6182,0.0,0.0
UBA6256,2.419301354505023,0.21559205560790778
UBA6345,0.0,0.0
UBA644,0.0,0.0
UBA6503,0.0,0.0
UBA6544,0.0213152278159743,0.0018994714205568444
UBA6659,0.0706946129865336,0.006299834001990439
UBA6857,0.0,0.0
UBA7050,0.0,0.0
UBA7067,0.0,0.0
UBA7173,0.0,0.0
UBA721,0.0,0.0
UBA7332,0.0,0.0
UBA737,0.0,0.0
UBA738,0.0,0.0
UBA7396,0.0,0.0
UBA7640,0.036919057552173,0.0032899810079294947
UBA7703,0.0,0.0
UBA7706,0.0,0.0
UBA7867,0.0,0.0
UBA8199,0.0,0.0
UBA8346,27.789477233595722,2.4764134942940266
UBA8389,0.0,0.0
UBA8515,0.0,0.0
UBA852,0.0,0.0
UBA8525,0.0,0.0
UBA866,0.0,0.0
UBA8904,0.0,0.0
UBA8950,0.0,0.0
UBA9076,0.0,0.0
UBA9339,0.0,0.0
UBA946,0.0,0.0
UBA9627,0.0,0.0
UBA9628,0.0,0.0
UBA9631,0.0,0.0
UBA9647,0.0,0.0
UBA9715,0.0,0.0
UBA9862,0.2194974315262774,0.019560152097334707
UBA9949,0.0,0.0
UMGS1071,0.0,0.0
UMGS1338,0.0522114319003159,0.004652735761363797
UMGS1491,0.2020092221956049,0.018001719125981096
UMGS1518,0.0,0.0
UMGS1613,0.0,0.0
UMGS1663,0.0,0.0
UMGS1865,0.0,0.0
UMGS2070,0.09720762607701941,0.00866249749651267
UMGS263,0.036919057552173,0.0032899810079294947
UMGS363,0.036919057552173,0.0032899810079294947
UMGS687,0.0,0.0
UMGS755,1.2846495317706537,0.11447942720093096
UMGS882,0.0213152278159743,0.0018994714205568444
UPXZ01,2.8862018334546264,0.25719912280258395
Udaeobacter,0.0,0.0
Ulvibacter,0.0,0.0
Undibacterium,0.0,0.0
Unknown,59.113211768062335,5.267776507019544
Ureibacillus,2.0168807109540974,0.17973100274624323
VATK01,0.0,0.0
VAYN01,0.0213152278159743,0.0018994714205568444
VEMY01,0.0563947919397546,0.005025529001268006
VEOV01,0.0,0.0
VFJN01,0.08160379634082071,0.007271987909140018
VFZK01,0.7137464009738972,0.06360433497967066
VGBV01,0.0514595120783975,0.004585729664848431
VGSZ01,0.8843436473526378,0.07880682761637912
VHBL01,0.0,0.0
VadinCA11,0.0,0.0
Vagococcus_D,0.0,0.0
Vallitalea_A,0.0213152278159743,0.0018994714205568444
Ventricola,0.0,0.0
Vermiculatibacterium,0.0,0.0
Vescimonas,0.1133250686184823,0.010098776843104135
Vicinibacter,0.047662298352413,0.0042473472176832025
Victivallis,0.0,0.0
Villigracilis,0.0,0.0
Viridilinea,0.0,0.0
Vreelandella,0.0,0.0
Vulgatibacter,0.6749069042129898,0.06014321719462571
WFVA01,0.0213152278159743,0.0018994714205568444
WGAI01,0.0426304556319487,0.0037989428411136974
WLNJ01,0.0301442842624232,0.002686258244291587
WO2-35-19,0.0,0.0
WQUU01,0.10657613907987151,0.009497357102784222
WQZE01,0.0,0.0
WRAV01,0.0,0.0
WRCC01,0.0,0.0
WRGT01,0.0,0.0
WRHL01,0.0,0.0
WRIO01,0.0,0.0
WRJC01,0.0,0.0
WRJI01,0.0213152278159743,0.0018994714205568444
WRMH01,0.0,0.0
WRMS01,0.0301442842624232,0.002686258244291587
WRNP01,0.0,0.0
WRNX01,0.0,0.0
WTBX01,0.26194496304290493,0.02334279395718829
WYZ-LMO8,0.0,0.0
Williamwhitmania,0.0,0.0
Wolinella,2.7806882980692746,0.24779645787792443
Woodwardibium,0.0,0.0
XYC2-FULL-35-21,0.0,0.0
Xanthobacter,0.0563947919397546,0.005025529001268006
Xanthomarina,0.0,0.0
Xanthomonas_B,0.0,0.0
Xenobium,0.2115960699054758,0.01885603527007051
Xylanivirga,0.0,0.0
YB12-FULL-65-16,0.0,0.0
YIM-78166,2.0341751135800483,0.181272164952306
Yersinia,0.0522114319003159,0.004652735761363797
Z2-YC6860,0.0,0.0
ZC3RG10,30.850692407128783,2.7492086426500433
ZC4RG17,0.0602885685248464,0.005372516488583174
ZCTH02-B6,0.8773112886469102,0.07818015055264053
Zag111,0.0,0.0
Zeimonas,0.1881799354206926,0.016769345011924276
Zhaonella,2.279952379543974,0.20317420121256144
Zoogloea,0.0,0.0
